fecha,tmed
2019-01-01,13.78775472981188
2019-01-02,13.384630364101774
2019-01-03,13.203435960213989
2019-01-04,13.839927472023867
2019-01-05,13.073155726808155
2019-01-06,12.956054602345596
2019-01-07,12.67843957781339
2019-01-08,12.460414444050803
2019-01-09,13.017652080270857
2019-01-10,13.451578285970847
2019-01-11,13.270077761515916
2019-01-12,12.865690115243087
2019-01-13,12.56942148309501
2019-01-14,13.095341659333947
2019-01-15,13.702679072088202
2019-01-16,13.61812678696565
2019-01-17,14.027207995198685
2019-01-18,13.49742660869929
2019-01-19,12.742771649593891
2019-01-20,12.813389716916067
2019-01-21,13.63011967061449
2019-01-22,13.218465141274145
2019-01-23,13.582387373316344
2019-01-24,13.670188145565463
2019-01-25,13.80533002444561
2019-01-26,14.533670646908833
2019-01-27,14.30300411206413
2019-01-28,13.683938989995946
2019-01-29,14.084851179534116
2019-01-30,14.63809128623625
2019-01-31,14.650408628945709
2019-02-01,14.499146296072174
2019-02-02,14.03648770263895
2019-02-03,13.95283039237927
2019-02-04,13.715123737332853
2019-02-05,13.6796303537254
2019-02-06,13.927252801581066
2019-02-07,13.628471437580194
2019-02-08,13.614754029284065
2019-02-09,14.138380059984401
2019-02-10,13.988589638026554
2019-02-11,14.816179229061628
2019-02-12,15.141863557510938
2019-02-13,14.796077164319243
2019-02-14,14.766215745226825
2019-02-15,14.844910563889536
2019-02-16,14.375236442265845
2019-02-17,14.481758586811534
2019-02-18,14.301327289920904
2019-02-19,14.552029099997226
2019-02-20,14.202377573810123
2019-02-21,14.046586806511153
2019-02-22,14.469524811129064
2019-02-23,13.903480471249221
2019-02-24,14.403788230286285
2019-02-25,14.269678427234819
2019-02-26,14.482933185811147
2019-02-27,14.706495765617841
2019-02-28,13.710305323465656
2019-03-01,14.491590265960541
2019-03-02,14.943752333227302
2019-03-03,14.851793039311536
2019-03-04,14.613676025716867
2019-03-05,14.273828235610987
2019-03-06,14.394929056487918
2019-03-07,14.850918356136322
2019-03-08,14.528151465290193
2019-03-09,13.71827236706675
2019-03-10,14.419469327059506
2019-03-11,15.379759942244148
2019-03-12,15.575269917461457
2019-03-13,15.792521248867633
2019-03-14,15.23643605263949
2019-03-15,15.147703973911673
2019-03-16,15.209268351370875
2019-03-17,16.142326263883376
2019-03-18,15.593450404827433
2019-03-19,15.587831059356478
2019-03-20,14.882089347367314
2019-03-21,14.442262925445327
2019-03-22,14.170137367202479
2019-03-23,14.926134247968625
2019-03-24,15.600019146328556
2019-03-25,15.66667739771266
2019-03-26,15.6876866414027
2019-03-27,15.465543353671464
2019-03-28,15.635534544267086
2019-03-29,15.373039259426042
2019-03-30,15.782834515746975
2019-03-31,15.742783998379794
2019-04-01,16.166913916087363
2019-04-02,15.13182666100036
2019-04-03,14.959504949331759
2019-04-04,14.459824008135572
2019-04-05,15.312426299275101
2019-04-06,15.450505742112135
2019-04-07,15.579911973641327
2019-04-08,16.539605069528793
2019-04-09,16.19738376664409
2019-04-10,16.41277451578139
2019-04-11,16.182156912143434
2019-04-12,16.66692763641626
2019-04-13,16.897444579409818
2019-04-14,16.83276862329148
2019-04-15,16.795574962624002
2019-04-16,17.211513557775074
2019-04-17,16.8232372428261
2019-04-18,17.178235285520714
2019-04-19,16.780980358719553
2019-04-20,16.698522219967224
2019-04-21,15.997515173631097
2019-04-22,16.26421803121694
2019-04-23,16.379881809437713
2019-04-24,16.349215191176707
2019-04-25,16.688113023112148
2019-04-26,17.142282138294526
2019-04-27,17.01427071614722
2019-04-28,17.016973903913687
2019-04-29,17.41796125662805
2019-04-30,17.528122577951077
2019-05-01,17.560943355274276
2019-05-02,18.028444612010723
2019-05-03,17.403893934906016
2019-05-04,17.72277630129964
2019-05-05,18.009340611304346
2019-05-06,18.793777638716275
2019-05-07,19.13291431018511
2019-05-08,19.772954438527933
2019-05-09,19.538961190738437
2019-05-10,19.508415288485956
2019-05-11,18.942519594696268
2019-05-12,19.35158939831292
2019-05-13,18.392172559152925
2019-05-14,18.271810464636715
2019-05-15,19.196714553643748
2019-05-16,19.707847514214354
2019-05-17,19.938432064721713
2019-05-18,19.411910206380295
2019-05-19,19.158657353626076
2019-05-20,19.04262264090566
2019-05-21,19.13073626841301
2019-05-22,19.537839213767686
2019-05-23,19.424043621250334
2019-05-24,19.507945975308253
2019-05-25,19.536582609745324
2019-05-26,18.988075494698453
2019-05-27,19.90311117642834
2019-05-28,20.530472490149375
2019-05-29,20.09323241855083
2019-05-30,20.069223018125165
2019-05-31,19.77241213994804
2019-06-01,19.955172364478464
2019-06-02,19.629885885954092
2019-06-03,19.76430314431815
2019-06-04,20.236789016166593
2019-06-05,20.743134893250108
2019-06-06,20.29996747035409
2019-06-07,21.30084847989912
2019-06-08,21.607013146831264
2019-06-09,21.377588044042334
2019-06-10,20.567322915101673
2019-06-11,21.180313074862546
2019-06-12,20.574337197212053
2019-06-13,21.903178096466704
2019-06-14,20.72747075076862
2019-06-15,21.089648017232463
2019-06-16,21.649012032566475
2019-06-17,22.242824286569284
2019-06-18,21.537386023236515
2019-06-19,20.871606059399014
2019-06-20,20.334455022971063
2019-06-21,20.390706427790803
2019-06-22,20.25703261069272
2019-06-23,21.11903382668825
2019-06-24,21.58553429038126
2019-06-25,22.13119383199459
2019-06-26,22.318161201631817
2019-06-27,22.080270985469507
2019-06-28,22.110830764456672
2019-06-29,22.105130623937804
2019-06-30,22.08815486076485
2019-07-01,22.01120141063783
2019-07-02,22.736138988410907
2019-07-03,22.915106872071433
2019-07-04,22.800591111497972
2019-07-05,23.2506653077372
2019-07-06,22.823902411258214
2019-07-07,23.059357890569604
2019-07-08,22.082113023390946
2019-07-09,22.60830035364273
2019-07-10,22.811777933977538
2019-07-11,23.440825536358666
2019-07-12,23.868094765903077
2019-07-13,23.717288489065446
2019-07-14,23.847446764760583
2019-07-15,23.9021055238998
2019-07-16,23.929736770639337
2019-07-17,24.213355994428323
2019-07-18,24.359109881508168
2019-07-19,24.07229623186703
2019-07-20,23.81662004054021
2019-07-21,24.30532731493881
2019-07-22,24.21045958103393
2019-07-23,23.545551552880323
2019-07-24,23.83977962877596
2019-07-25,23.700852705856995
2019-07-26,23.89502775353118
2019-07-27,23.61558319833082
2019-07-28,23.04218851695146
2019-07-29,23.392380557184637
2019-07-30,23.56916425718877
2019-07-31,25.082770307559212
2019-08-01,24.26312936480562
2019-08-02,24.262241356788753
2019-08-03,24.86971398129573
2019-08-04,23.987590017366593
2019-08-05,24.06254322555631
2019-08-06,24.265150699658314
2019-08-07,24.164162604711137
2019-08-08,24.01370378119404
2019-08-09,24.207540400969553
2019-08-10,24.715987536829612
2019-08-11,25.33721101803399
2019-08-12,25.39405118594152
2019-08-13,25.027347591662974
2019-08-14,25.082962476592876
2019-08-15,23.957087938373984
2019-08-16,23.663130006283772
2019-08-17,23.733864999109343
2019-08-18,23.950991939218266
2019-08-19,23.999009475537235
2019-08-20,24.96931954577699
2019-08-21,23.933167464084168
2019-08-22,24.292456062356415
2019-08-23,25.052988250820583
2019-08-24,25.09780454687442
2019-08-25,24.493599508404685
2019-08-26,25.198613017315758
2019-08-27,24.708967349009022
2019-08-28,25.08616406427668
2019-08-29,24.636343650185335
2019-08-30,24.3276063533066
2019-08-31,24.44162821902993
2019-09-01,23.92498200769781
2019-09-02,23.53750576278656
2019-09-03,23.08949969672563
2019-09-04,23.057821316271696
2019-09-05,23.227414479990948
2019-09-06,23.364137930585823
2019-09-07,23.48885452320087
2019-09-08,22.846195937934834
2019-09-09,22.978108213447655
2019-09-10,23.05976910270314
2019-09-11,22.71071286614403
2019-09-12,22.526386566664854
2019-09-13,23.075762925559545
2019-09-14,23.118992153035865
2019-09-15,22.94799366895024
2019-09-16,21.863600689092472
2019-09-17,22.482349194036722
2019-09-18,22.664424913833983
2019-09-19,22.38331613627544
2019-09-20,22.803352149803597
2019-09-21,22.43195816095063
2019-09-22,22.13377198115377
2019-09-23,21.909904383055746
2019-09-24,22.2054392909702
2019-09-25,21.718803149915672
2019-09-26,21.99330923642883
2019-09-27,21.673536472571293
2019-09-28,21.422464409751267
2019-09-29,20.833360841419967
2019-09-30,20.639799091535146
2019-10-01,21.18735668670182
2019-10-02,21.25186905136427
2019-10-03,21.446025698470464
2019-10-04,20.081454179809587
2019-10-05,20.142711795956103
2019-10-06,20.41114176980887
2019-10-07,20.927222983252378
2019-10-08,20.908959054668344
2019-10-09,20.933576411098553
2019-10-10,20.772669011419286
2019-10-11,21.07071490464587
2019-10-12,20.417109509222378
2019-10-13,20.6045937903295
2019-10-14,20.089320506472262
2019-10-15,19.465460402415946
2019-10-16,18.917157315604847
2019-10-17,19.76420261053477
2019-10-18,20.216805417341995
2019-10-19,19.408180824249193
2019-10-20,19.201292358496264
2019-10-21,18.66822481244367
2019-10-22,18.778131425203373
2019-10-23,18.42809138513202
2019-10-24,18.915382686700138
2019-10-25,19.046778751346988
2019-10-26,19.14371795569972
2019-10-27,19.150624081721165
2019-10-28,18.019004047255006
2019-10-29,17.710043961189232
2019-10-30,18.936413683578543
2019-10-31,18.672544467352925
2019-11-01,19.02713869866456
2019-11-02,18.929166936715177
2019-11-03,18.245141765953186
2019-11-04,18.304020558560623
2019-11-05,18.552200751105286
2019-11-06,17.270110925854194
2019-11-07,17.023228972797337
2019-11-08,16.94711166270402
2019-11-09,17.36529771959799
2019-11-10,17.60976299894795
2019-11-11,17.97195714231151
2019-11-12,17.705741000069587
2019-11-13,18.010543593715173
2019-11-14,17.21935087544982
2019-11-15,16.93302683033531
2019-11-16,16.574057276881433
2019-11-17,17.12557432594157
2019-11-18,16.868690272336316
2019-11-19,16.714618531220896
2019-11-20,16.116527896027765
2019-11-21,16.616622359314665
2019-11-22,17.238873738985163
2019-11-23,16.211869380775692
2019-11-24,15.15207465777197
2019-11-25,15.897340368431292
2019-11-26,15.398205713404417
2019-11-27,15.330679257785022
2019-11-28,15.008243144746384
2019-11-29,15.892405294204321
2019-11-30,15.454795570897975
2019-12-01,15.214233182982545
2019-12-02,14.886168887125896
2019-12-03,14.646246198438329
2019-12-04,15.23354799057072
2019-12-05,15.06024457067774
2019-12-06,14.358635377193215
2019-12-07,15.079882104858587
2019-12-08,16.008820436841827
2019-12-09,15.666086613913766
2019-12-10,15.195710335129062
2019-12-11,15.859535289252879
2019-12-12,15.887841377965858
2019-12-13,15.67574116633289
2019-12-14,15.223174227851748
2019-12-15,14.163082266555232
2019-12-16,14.409073262201701
2019-12-17,14.480355349268425
2019-12-18,13.96999561963019
2019-12-19,14.294171080690864
2019-12-20,14.93140197664693
2019-12-21,15.886414202857042
2019-12-22,15.18666065259928
2019-12-23,14.817036204077052
2019-12-24,14.75346232534163
2019-12-25,14.941867494855575
2019-12-26,15.041598038309118
2019-12-27,15.091398698894064
2019-12-28,14.606836933911516
2019-12-29,14.61946091607385
2019-12-30,14.414844848596942
2019-12-31,13.524767211049891
2020-01-01,13.874073841500564
2020-01-02,13.505071413145476
2020-01-03,13.284067463023716
2020-01-04,13.906827798342999
2020-01-05,13.12398250435475
2020-01-06,13.010037608950329
2020-01-07,12.752677945946179
2020-01-08,12.54785402108352
2020-01-09,13.139318751916374
2020-01-10,13.533532925405735
2020-01-11,13.3383889958811
2020-01-12,12.918003958241197
2020-01-13,12.624954503874331
2020-01-14,13.171178505470422
2020-01-15,13.791750181799184
2020-01-16,13.74144208886894
2020-01-17,14.110812248327036
2020-01-18,13.567372564266503
2020-01-19,12.796690072896732
2020-01-20,12.870482929376282
2020-01-21,13.707459420008362
2020-01-22,13.30897062619833
2020-01-23,13.707059212048797
2020-01-24,13.755063935020997
2020-01-25,13.876457665043262
2020-01-26,14.58867846754104
2020-01-27,14.361094452572665
2020-01-28,13.762186048263352
2020-01-29,14.176178949985129
2020-01-30,14.763507382315268
2020-01-31,14.735959639267335
2020-02-01,14.570890855543702
2020-02-02,14.092066319553926
2020-02-03,14.011458696841952
2020-02-04,13.79388996700317
2020-02-05,13.771472913248164
2020-02-06,14.053193698258836
2020-02-07,13.71457125314325
2020-02-08,13.68708461909535
2020-02-09,14.194594030339626
2020-02-10,14.047913275930474
2020-02-11,14.895709708619693
2020-02-12,15.234546266358882
2020-02-13,14.922938958442796
2020-02-14,14.853319796401511
2020-02-15,14.918328993931443
2020-02-16,14.432619796019877
2020-02-17,14.54232881791567
2020-02-18,14.382175081552402
2020-02-19,14.646091360571255
2020-02-20,14.330670911110388
2020-02-21,14.135162638336976
2020-02-22,14.544442299405256
2020-02-23,13.962376323387849
2020-02-24,14.465870033034975
2020-02-25,14.352022325987857
2020-02-26,14.57846200293816
2020-02-27,14.836212300042403
2020-02-28,13.800248058480193
2020-02-29,14.519329451337132
2020-03-01,15.003868704035135
2020-03-02,14.915008421852395
2020-03-03,14.697059848959405
2020-03-04,14.370298366302947
2020-03-05,14.525485712542396
2020-03-06,14.941599585439862
2020-03-07,14.605006368512775
2020-03-08,13.778931102109475
2020-03-09,14.483136556571608
2020-03-10,15.463512535800557
2020-03-11,15.672034740002012
2020-03-12,15.923286471444628
2020-03-13,15.327251086000285
2020-03-14,15.224630042569084
2020-03-15,15.269948199264054
2020-03-16,16.20597729980201
2020-03-17,15.67716210718708
2020-03-18,15.684542479612519
2020-03-19,15.0128225167837
2020-03-20,14.53307782638775
2020-03-21,14.247104660719103
2020-03-22,14.986904807836693
2020-03-23,15.663817072558468
2020-03-24,15.750597331387125
2020-03-25,15.784671221200512
2020-03-26,15.596616618622988
2020-03-27,15.72675694254135
2020-03-28,15.45048045241503
2020-03-29,15.844143024086232
2020-03-30,15.807180358452984
2020-03-31,16.251488163684648
2020-04-01,15.229515976682887
2020-04-02,15.09132726383995
2020-04-03,14.551833221217315
2020-04-04,15.390685294748918
2020-04-05,15.512656239521469
2020-04-06,15.645167879115386
2020-04-07,16.625050137104616
2020-04-08,16.295949399853317
2020-04-09,16.545473503891287
2020-04-10,16.27503875137097
2020-04-11,16.746051616846287
2020-04-12,16.960449676898513
2020-04-13,16.898866858919156
2020-04-14,16.881849041899965
2020-04-15,17.31089462129889
2020-04-16,16.956738525565896
2020-04-17,17.271907338569022
2020-04-18,16.860884018437996
2020-04-19,16.76229836848652
2020-04-20,16.064377958289324
2020-04-21,16.35125236034294
2020-04-22,16.480020961392444
2020-04-23,16.483474338865516
2020-04-24,16.78254433256807
2020-04-25,17.22294763051753
2020-04-26,17.07881193984886
2020-04-27,17.084605089730037
2020-04-28,17.50576677239596
2020-04-29,17.629034523296692
2020-04-30,17.695975098178604
2020-05-01,18.123645925508896
2020-05-02,17.485323921793736
2020-05-03,17.788073152361676
2020-05-04,18.07771486474822
2020-05-05,18.882309756872267
2020-05-06,19.234532407660083
2020-05-07,19.908668589151773
2020-05-08,19.634817450179053
2020-05-09,19.59046939040832
2020-05-10,19.0084068446557
2020-05-11,19.42051805762039
2020-05-12,18.481221530540516
2020-05-13,18.37390711015033
2020-05-14,19.332868439798855
2020-05-15,19.804105735376456
2020-05-16,20.02085232605953
2020-05-17,19.47813070624401
2020-05-18,19.22789012842499
2020-05-19,19.13195118512867
2020-05-20,19.233093261861075
2020-05-21,19.674218365031894
2020-05-22,19.52049843499504
2020-05-23,19.59054089844366
2020-05-24,19.602962753692292
2020-05-25,19.057459813136052
2020-05-26,19.992589915950475
2020-05-27,20.632984750758492
2020-05-28,20.229799626222626
2020-05-29,20.165903968092696
2020-05-30,19.855275799981733
2020-05-31,20.04060123117243
2020-06-01,19.699634093539647
2020-06-02,19.854196324061725
2020-06-03,20.33976684078315
2020-06-04,20.88021828764108
2020-06-05,20.39721367614106
2020-06-06,21.38432390750622
2020-06-07,21.674363061378564
2020-06-08,21.448029753552873
2020-06-09,20.657943277959035
2020-06-10,21.284046161619706
2020-06-11,20.712197905882007
2020-06-12,22.00121737566279
2020-06-13,20.81174861464886
2020-06-14,21.157803393845867
2020-06-15,21.7202561094982
2020-06-16,22.33423816641836
2020-06-17,21.641898519946864
2020-06-18,21.010227430948902
2020-06-19,20.433232291712947
2020-06-20,20.475696469961886
2020-06-21,20.325872054967025
2020-06-22,21.19093242469474
2020-06-23,21.677572571519462
2020-06-24,22.236300874142074
2020-06-25,22.457348314564776
2020-06-26,22.179586960303297
2020-06-27,22.196334873266615
2020-06-28,22.174462412613032
2020-06-29,22.16052740163182
2020-06-30,22.10369883111727
2020-07-01,22.841694111425728
2020-07-02,23.054734769210036
2020-07-03,22.900344226352477
2020-07-04,23.336606337493016
2020-07-05,22.8936739931812
2020-07-06,23.132175763093677
2020-07-07,22.175063480712097
2020-07-08,22.714317831573922
2020-07-09,22.951878529448237
2020-07-10,23.541062118657045
2020-07-11,23.95452986770512
2020-07-12,23.787564023159053
2020-07-13,23.92077723475806
2020-07-14,23.995575545809594
2020-07-15,24.03627874047099
2020-07-16,24.353984023778303
2020-07-17,24.459874365382305
2020-07-18,24.159257168790894
2020-07-19,23.887416856662213
2020-07-20,24.379172179256354
2020-07-21,24.304435024970694
2020-07-22,23.65258822599115
2020-07-23,23.980889986874754
2020-07-24,23.802086283677852
2020-07-25,23.982444204275083
2020-07-26,23.686822140796355
2020-07-27,23.11646285398822
2020-07-28,23.48677407858987
2020-07-29,23.676609359397553
2020-07-30,25.224249238833444
2020-07-31,24.36469420490711
2020-08-01,24.349954583800063
2020-08-02,24.941218223632518
2020-08-03,24.062101269454963
2020-08-04,24.157148343846774
2020-08-05,24.37278501503372
2020-08-06,24.305843452559895
2020-08-07,24.115485606762988
2020-08-08,24.295487628195698
2020-08-09,24.787744247345813
2020-08-10,25.41199411002724
2020-08-11,25.48894783167379
2020-08-12,25.135292831240076
2020-08-13,25.224972750126167
2020-08-14,24.059216214322774
2020-08-15,23.75143869364514
2020-08-16,23.80599568892159
2020-08-17,24.026158643163797
2020-08-18,24.094296177954313
2020-08-19,25.07765790363556
2020-08-20,24.075570453600832
2020-08-21,24.394973226242488
2020-08-22,25.14167872982648
2020-08-23,25.170306937019436
2020-08-24,24.5691252076559
2020-08-25,25.29424387419484
2020-08-26,24.817633444170678
2020-08-27,25.22887742066014
2020-08-28,24.739153523208362
2020-08-29,24.416572282878303
2020-08-30,24.514389883593154
2020-08-31,23.9807081234273
2020-09-01,23.63336936214281
2020-09-02,23.198389315191765
2020-09-03,23.20075228931069
2020-09-04,23.33043970095738
2020-09-05,23.453320776015943
2020-09-06,23.561838569311305
2020-09-07,22.9221981359696
2020-09-08,23.074216341320227
2020-09-09,23.168919329913322
2020-09-10,22.853923234294903
2020-09-11,22.62971204436203
2020-09-12,23.165268227153923
2020-09-13,23.192321369235465
2020-09-14,23.024363380351243
2020-09-15,21.960097382816592
2020-09-16,22.591906822418927
2020-09-17,22.808058398598313
2020-09-18,22.487076477190847
2020-09-19,22.893299326557724
2020-09-20,22.50573087461628
2020-09-21,22.210580903749605
2020-09-22,22.006829731999524
2020-09-23,22.315408563224956
2020-09-24,21.86286860464799
2020-09-25,22.097515619679314
2020-09-26,21.76393790656143
2020-09-27,21.4966943281189
2020-09-28,20.910625422666975
2020-09-29,20.73717500173283
2020-09-30,21.297768960821838
2020-10-01,21.396324906939963
2020-10-02,21.550569930979705
2020-10-03,20.172142319336345
2020-10-04,20.217180063027428
2020-10-05,20.48860049140021
2020-10-06,21.024754279463885
2020-10-07,21.0194946259989
2020-10-08,21.078108345505303
2020-10-09,20.877250767820353
2020-10-10,21.161411399750012
2020-10-11,20.49156685435372
2020-10-12,20.682032468789572
2020-10-13,20.18683280812187
2020-10-14,19.575987952082933
2020-10-15,19.061724497692435
2020-10-16,19.868871549090386
2020-10-17,20.30764870196084
2020-10-18,19.482851031172725
2020-10-19,19.279015039700646
2020-10-20,18.766095775025736
2020-10-21,18.88909414246534
2020-10-22,18.573170345552672
2020-10-23,19.02063834276514
2020-10-24,19.13828026012842
2020-10-25,19.21911276081139
2020-10-26,19.229131008429608
2020-10-27,18.117710730776032
2020-10-28,17.82188444607573
2020-10-29,19.082401995756786
2020-10-30,18.778729815134174
2020-10-31,19.11957848810427
2020-11-01,19.00549664373181
2020-11-02,18.324568329270075
2020-11-03,18.4036201054913
2020-11-04,18.664896486011358
2020-11-05,17.416906974909658
2020-11-06,17.130165833845016
2020-11-07,17.040239438628532
2020-11-08,17.442246171476338
2020-11-09,17.68973507786469
2020-11-10,18.072026807812016
2020-11-11,17.818831152286023
2020-11-12,18.157659911347796
2020-11-13,17.326537208330866
2020-11-14,17.0263383263491
2020-11-15,16.65113028223282
2020-11-16,17.205619721704657
2020-11-17,16.96879106051474
2020-11-18,16.827707503686398
2020-11-19,16.263621185755333
2020-11-20,16.723774530583164
2020-11-21,17.332150604753046
2020-11-22,16.28891759491037
2020-11-23,15.232114753769121
2020-11-24,15.997464066327582
2020-11-25,15.511353336250945
2020-11-26,15.47787306440229
2020-11-27,15.115542241822636
2020-11-28,15.985878321242705
2020-11-29,15.532090209735497
2020-11-30,15.344357001745134
2020-12-01,14.986635328174575
2020-12-02,14.759779084771749
2020-12-03,15.381236835135953
2020-12-04,15.16814111984095
2020-12-05,14.452799705320249
2020-12-06,15.157952381363733
2020-12-07,16.09000622274506
2020-12-08,15.767466502876305
2020-12-09,15.310209771393543
2020-12-10,16.00816035829943
2020-12-11,15.996634220355258
2020-12-12,15.7707531943142
2020-12-13,15.302036181572342
2020-12-14,14.244997768742685
2020-12-15,14.511116678678048
2020-12-16,14.595449781126524
2020-12-17,14.119133767740369
2020-12-18,14.403396827860746
2020-12-19,15.02677056636031
2020-12-20,15.965562249059984
2020-12-21,15.268799590415803
2020-12-22,14.919249991038255
2020-12-23,14.868685222729694
2020-12-24,15.091117724803583
2020-12-25,15.150932969640257
2020-12-26,15.186887746415556
2020-12-27,14.686131215645286
2020-12-28,14.70178633724922
2020-12-29,14.517299431768441
2020-12-30,13.64029851191211
2020-12-31,13.175920233578607
2021-01-01,14.036076244538666
2021-01-02,13.613370603250294
2021-01-03,13.362314930724732
2021-01-04,13.97182818479662
2021-01-05,13.211985497478505
2021-01-06,13.131014233788882
2021-01-07,12.920532855345789
2021-01-08,12.709615214826103
2021-01-09,13.24706654076478
2021-01-10,13.610943347789455
2021-01-11,13.402297379399128
2021-01-12,13.004696093937314
2021-01-13,12.744442073410555
2021-01-14,13.337410389414126
2021-01-15,13.951801102553079
2021-01-16,13.847440432632709
2021-01-17,14.186482303570525
2021-01-18,13.62959689965152
2021-01-19,12.88179955355137
2021-01-20,12.988531041949624
2021-01-21,13.87243256356044
2021-01-22,13.467975849059261
2021-01-23,13.812251262690385
2021-01-24,13.83018688449031
2021-01-25,13.938406839846735
2021-01-26,14.673790203289808
2021-01-27,14.479420345380658
2021-01-28,13.927703362505076
2021-01-29,14.335978659053605
2021-01-30,14.869721701991402
2021-01-31,14.812304298113322
2021-02-01,14.634227823734545
2021-02-02,14.178694485124943
2021-02-03,14.131389141735092
2021-02-04,13.961057474305482
2021-02-05,13.932925153179804
2021-02-06,14.161019922358493
2021-02-07,13.792445710624717
2021-02-08,13.751830386896765
2021-02-09,14.282474717286753
2021-02-10,14.16890922693585
2021-02-11,15.063816848567056
2021-02-12,15.396792884628892
2021-02-13,15.031401434622586
2021-02-14,14.931666345564816
2021-02-15,14.983383646181844
2021-02-16,14.520654068126484
2021-02-17,14.663337705193639
2021-02-18,14.55008898466393
2021-02-19,14.80796538599118
2021-02-20,14.438613373965977
2021-02-21,14.212877988893606
2021-02-22,14.608794179788955
2021-02-23,14.049678237338501
2021-02-24,14.586160283627713
2021-02-25,14.519274863868764
2021-02-26,14.739774389028641
2021-02-27,14.943733691109541
2021-02-28,13.877720885540361
2021-03-01,14.63212873466134
2021-03-02,15.091383283490895
2021-03-03,15.035778184807189
2021-03-04,14.865077402945758
2021-03-05,14.532674043189722
2021-03-06,14.634374804852445
2021-03-07,15.020744226334761
2021-03-08,14.671297785515526
2021-03-09,13.86869974407435
2021-03-10,14.606426758444815
2021-03-11,15.634293366054663
2021-03-12,15.837388492808536
2021-03-13,16.0353366482098
2021-03-14,15.409705095744293
2021-03-15,15.294342328146149
2021-03-16,15.363211264940436
2021-03-17,16.332797280503417
2021-03-18,15.851470500495456
2021-03-19,15.85338547985522
2021-03-20,15.128289774809737
2021-03-21,14.618845845716724
2021-03-22,14.320000520986488
2021-03-23,15.083197678087078
2021-03-24,15.793494145142118
2021-03-25,15.927575791587225
2021-03-26,15.955987689674888
2021-03-27,15.714355891672142
2021-03-28,15.814595245861087
2021-03-29,15.525248907557478
2021-03-30,15.94211880150455
2021-03-31,15.938362161826232
2021-04-01,16.42980767675352
2021-04-02,15.40202672742291
2021-04-03,15.210132749813203
2021-04-04,14.640629531097654
2021-04-05,15.466323944508712
2021-04-06,15.611434715781597
2021-04-07,15.777104551798708
2021-04-08,16.804095188399316
2021-04-09,16.46917323798399
2021-04-10,16.664994516736115
2021-04-11,16.364565643372785
2021-04-12,16.822446053207674
2021-04-13,17.06001673001844
2021-04-14,17.031629918609756
2021-04-15,17.061760832815246
2021-04-16,17.485025789699765
2021-04-17,17.077205641542076
2021-04-18,17.362415546033052
2021-04-19,16.93829004392767
2021-04-20,16.862901369395942
2021-04-21,16.198194856827996
2021-04-22,16.53231671977931
2021-04-23,16.65539713771871
2021-04-24,16.60527330674511
2021-04-25,16.87446669382743
2021-04-26,17.301846930940645
2021-04-27,17.180985764350687
2021-04-28,17.220070573847423
2021-04-29,17.68847215194495
2021-04-30,17.80604816542261
2021-05-01,17.81941384428233
2021-05-02,18.217217966454083
2021-05-03,17.565891908591134
2021-05-04,17.891945019387737
2021-05-05,18.214919012590407
2021-05-06,19.06680622767272
2021-05-07,19.41340150870554
2021-05-08,20.034038179675886
2021-05-09,19.730406642618362
2021-05-10,19.673150608956675
2021-05-11,19.114496248941304
2021-05-12,19.5600503629726
2021-05-13,18.66816087009129
2021-05-14,18.555335405372837
2021-05-15,19.460913132580615
2021-05-16,19.90248212316028
2021-05-17,20.10642622222351
2021-05-18,19.5872089190065
2021-05-19,19.370495418331867
2021-05-20,19.322033343290897
2021-05-21,19.417717770029256
2021-05-22,19.80549448282624
2021-05-23,19.622121946015614
2021-05-24,19.679357225901843
2021-05-25,19.715257925944346
2021-05-26,19.203235925296
2021-05-27,20.185776715312073
2021-05-28,20.82062879255804
2021-05-29,20.363992830829947
2021-05-30,20.270326797870368
2021-05-31,19.946760754129432
2021-06-01,20.13669038291899
2021-06-02,19.847789778161864
2021-06-03,20.04961042044207
2021-06-04,20.529484992694513
2021-06-05,21.016334715559744
2021-06-06,20.50341426944803
2021-06-07,21.477449552999524
2021-06-08,21.790700682850662
2021-06-09,21.597587707023838
2021-06-10,20.85466273277732
2021-06-11,21.474989920418707
2021-06-12,20.849478504697156
2021-06-13,22.108539696105247
2021-06-14,20.905972723118136
2021-06-15,21.275235096517136
2021-06-16,21.870921881369107
2021-06-17,22.53209609762274
2021-06-18,21.834026744245193
2021-06-19,21.148751888187437
2021-06-20,20.541869064911698
2021-06-21,20.57131441879592
2021-06-22,20.444783239001097
2021-06-23,21.34316697699804
2021-06-24,21.877089665888448
2021-06-25,22.430177248557285
2021-06-26,22.597706198187087
2021-06-27,22.290136638138723
2021-06-28,22.293937601917417
2021-06-29,22.295421170582244
2021-06-30,22.31486212370449
2021-07-01,22.305446320792104
2021-07-02,23.03791983262945
2021-07-03,23.197549722642094
2021-07-04,23.013447887231617
2021-07-05,23.436849917401354
2021-07-06,23.017351498988276
2021-07-07,23.289299493359767
2021-07-08,22.37957558334359
2021-07-09,22.913279367283934
2021-07-10,23.097397872185496
2021-07-11,23.656837913409
2021-07-12,24.0574142481942
2021-07-13,23.9138535651401
2021-07-14,24.08048829002922
2021-07-15,24.20265558723885
2021-07-16,24.23779517070667
2021-07-17,24.50205196562322
2021-07-18,24.57819995509808
2021-07-19,24.264700130256188
2021-07-20,24.016281133866297
2021-07-21,24.541480960872963
2021-07-22,24.514141802085486
2021-07-23,23.856765345600174
2021-07-24,24.13165655054658
2021-07-25,23.923150629572746
2021-07-26,24.09066669179166
2021-07-27,23.818505728729342
2021-07-28,23.281628130397127
2021-07-29,23.699370383263
2021-07-30,23.883703459303998
2021-07-31,25.377953401772118
2021-08-01,24.488708903545113
2021-08-02,24.46113154174759
2021-08-03,25.07585128544812
2021-08-04,24.230201742720105
2021-08-05,24.372656443396817
2021-08-06,24.582758858564862
2021-08-07,24.46238744164186
2021-08-08,24.242293414640883
2021-08-09,24.409405495952733
2021-08-10,24.92506206132098
2021-08-11,25.582720901010738
2021-08-12,25.70702331999741
2021-08-13,25.347776462875053
2021-08-14,25.383972055722452
2021-08-15,24.188429712577094
2021-08-16,23.867719042696514
2021-08-17,23.945640562862504
2021-08-18,24.199185980337575
2021-08-19,24.314655433074506
2021-08-20,25.29241875828106
2021-08-21,24.236850827699726
2021-08-22,24.52648182349809
2021-08-23,25.260277832878863
2021-08-24,25.312302941649317
2021-08-25,24.744543554653728
2021-08-26,25.51704002221133
2021-08-27,25.034881348333528
2021-08-28,25.392697368399347
2021-08-29,24.87325456736001
2021-08-30,24.537814993000946
2021-08-31,24.659076907772956
2021-09-01,24.178903640076044
2021-09-02,23.85893254204366
2021-09-03,23.418429557888764
2021-09-04,23.36737967443906
2021-09-05,23.46735218952282
2021-09-06,23.577367350886735
2021-09-07,23.7093102155286
2021-09-08,23.103103307029887
2021-09-09,23.302529482350188
2021-09-10,23.39169613185011
2021-09-11,23.023266106924893
2021-09-12,22.769313255493117
2021-09-13,23.29197334807116
2021-09-14,23.34242049530158
2021-09-15,23.20786676315227
2021-09-16,22.190947093842183
2021-09-17,22.817165889358233
2021-09-18,22.97983924236287
2021-09-19,22.62908386753396
2021-09-20,23.02239355688998
2021-09-21,22.658218630514817
2021-09-22,22.396490469853177
2021-09-23,22.24012216803316
2021-09-24,22.54316630317342
2021-09-25,22.037179531802902
2021-09-26,22.242103011830828
2021-09-27,21.895679229570703
2021-09-28,21.651911529249578
2021-09-29,21.09935959631239
2021-09-30,20.973397075339044
2021-10-01,21.528567870994316
2021-10-02,21.573835123009797
2021-10-03,21.69851357244836
2021-10-04,20.307391594874
2021-10-05,20.376047530286925
2021-10-06,20.681113804003527
2021-10-07,21.264867069768794
2021-10-08,21.254274991122184
2021-10-09,21.25966678805444
2021-10-10,21.029282828725975
2021-10-11,21.30076069884675
2021-10-12,20.654516023233658
2021-10-13,20.878578625217056
2021-10-14,20.430899201663642
2021-10-15,19.814613228109966
2021-10-16,19.246991410067018
2021-10-17,20.024450337580106
2021-10-18,20.45036082905193
2021-10-19,19.648960742828038
2021-10-20,19.47850538094002
2021-10-21,19.012880673693576
2021-10-22,19.13020799466421
2021-10-23,18.760696922417953
2021-10-24,19.17825422736492
2021-10-25,19.28281850554125
2021-10-26,19.38685423408902
2021-10-27,19.430080055318207
2021-10-28,18.365806782323833
2021-10-29,18.06419101196501
2021-10-30,19.271034878715312
2021-10-31,18.937399772838475
2021-11-01,19.265154053743625
2021-11-02,19.174294592002884
2021-11-03,18.526628446094342
2021-11-04,18.65291590670969
2021-11-05,18.908523354059803
2021-11-06,17.607009571360365
2021-11-07,17.290480036452593
2021-11-08,17.18765453433505
2021-11-09,17.613094809906485
2021-11-10,17.89406765831504
2021-11-11,18.323821956214264
2021-11-12,18.065183764538094
2021-11-13,18.350708624217738
2021-11-14,17.49000654568802
2021-11-15,17.177101247083215
2021-11-16,16.825498625197934
2021-11-17,17.413619207617515
2021-11-18,17.224374438293513
2021-11-19,17.077939507488473
2021-11-20,16.460608827200467
2021-11-21,16.891210159339987
2021-11-22,17.48687538587557
2021-11-23,16.46721287213115
2021-11-24,15.443977932689794
2021-11-25,16.25682063226043
2021-11-26,15.765246439863981
2021-11-27,15.678392492822178
2021-11-28,15.286367980310395
2021-11-29,16.143844391276
2021-11-30,15.713476241581631
2021-12-01,15.509376332979008
2021-12-02,15.248798253750353
2021-12-03,15.016355160426059
2021-12-04,15.584261578766002
2021-12-05,15.34131755537769
2021-12-06,14.612988321774825
2021-12-07,15.341461908198346
2021-12-08,16.30686868063077
2021-12-09,16.031648166491813
2021-12-10,15.568799505773598
2021-12-11,16.213297180448073
2021-12-12,16.172049330089205
2021-12-13,15.933332202762447
2021-12-14,15.48810904057338
2021-12-15,14.464613074641946
2021-12-16,14.778252009295603
2021-12-17,14.857199546325292
2021-12-18,14.327636440487497
2021-12-19,14.58237681073124
2021-12-20,15.193100428369341
2021-12-21,16.155552837789248
2021-12-22,15.492474689845734
2021-12-23,15.190557176007747
2021-12-24,15.134684378029277
2021-12-25,15.303909079112078
2021-12-26,15.334199878748148
2021-12-27,15.357459936830267
2021-12-28,14.880275967106437
2021-12-29,14.929484246190825
2021-12-30,14.792456377109186
2021-12-31,13.909935261272887
2022-01-01,14.239893533032827
2022-01-02,13.801263257487317
2022-01-03,13.553514058945188
2022-01-04,14.183435134674495
2022-01-05,13.436949168049736
2022-01-06,13.390364328839652
2022-01-07,13.14033474251568
2022-01-08,12.915942584409585
2022-01-09,13.43757091569557
2022-01-10,13.804847118170887
2022-01-11,13.616691182885639
2022-01-12,13.232516380820151
2022-01-13,13.006704658567251
2022-01-14,13.560165647704704
2022-01-15,14.161106992945143
2022-01-16,14.040932393048134
2022-01-17,14.38336667978442
2022-01-18,13.8469487192471
2022-01-19,13.112540473490624
2022-01-20,13.253663261909804
2022-01-21,14.097994352162178
2022-01-22,13.680014859622268
2022-01-23,14.00839467289818
2022-01-24,14.029635016930461
2022-01-25,14.158231069476809
2022-01-26,14.9069109769808
2022-01-27,14.74684111239381
2022-01-28,14.155466029009817
2022-01-29,14.550136795787722
2022-01-30,15.067910508735382
2022-01-31,15.013733995183628
2022-02-01,14.855981282712005
2022-02-02,14.413704931376797
2022-02-03,14.400673727553645
2022-02-04,14.190672378948179
2022-02-05,14.14893839784496
2022-02-06,14.361080947798904
2022-02-07,13.995778389253855
2022-02-08,13.975530291488843
2022-02-09,14.519486488199004
2022-02-10,14.440259845291383
2022-02-11,15.295483947383424
2022-02-12,15.61485041870759
2022-02-13,15.233502574566755
2022-02-14,15.137036394985003
2022-02-15,15.209117275705115
2022-02-16,14.759692708600081
2022-02-17,14.93670290637758
2022-02-18,14.783837400623192
2022-02-19,15.02816157748795
2022-02-20,14.642899475128772
2022-02-21,14.420466906922465
2022-02-22,14.836767144145021
2022-02-23,14.29096253230971
2022-02-24,14.861762961515804
2022-02-25,14.755238090663804
2022-02-26,14.962148603479836
2022-02-27,15.150147615286484
2022-02-28,14.087375046912856
2022-03-01,14.862093308097496
2022-03-02,15.334576079900875
2022-03-03,15.313198577590027
2022-03-04,15.102761839234223
2022-03-05,14.756669317264441
2022-03-06,14.842308129697235
2022-03-07,15.231816762683916
2022-03-08,14.902582437561158
2022-03-09,14.113119050734188
2022-03-10,14.88498667483846
2022-03-11,15.873038586879865
2022-03-12,16.06237550074401
2022-03-13,16.244203529951047
2022-03-14,15.62166479234459
2022-03-15,15.526480136623842
2022-03-16,15.608462428097477
2022-03-17,16.612180467668445
2022-03-18,16.091042838752443
2022-03-19,16.07921532634055
2022-03-20,15.338026279525732
2022-03-21,14.831711977591207
2022-03-22,14.553090379250538
2022-03-23,15.329453929964576
2022-03-24,16.073941395454874
2022-03-25,16.168275545515034
2022-03-26,16.183011099698017
2022-03-27,15.92535333736869
2022-03-28,16.028789417345692
2022-03-29,15.759732211599768
2022-03-30,16.189830927312713
2022-03-31,16.220323607254567
2022-04-01,16.67207489064648
2022-04-02,15.630665053098904
2022-04-03,15.422786212018362
2022-04-04,14.856514130754032
2022-04-05,15.702525273907307
2022-04-06,15.860885725073608
2022-04-07,16.060819262018803
2022-04-08,17.048124000964467
2022-04-09,16.69957602231178
2022-04-10,16.879410514130782
2022-04-11,16.582206849091467
2022-04-12,17.06039488777618
2022-04-13,17.311203830086253
2022-04-14,17.317067842863352
2022-04-15,17.30749933499644
2022-04-16,17.717124841715258
2022-04-17,17.293305248653038
2022-04-18,17.581729019748074
2022-04-19,17.177901548120005
2022-04-20,17.115743574805766
2022-04-21,16.48528250460365
2022-04-22,16.779614322559596
2022-04-23,16.88896671983231
2022-04-24,16.822756662736747
2022-04-25,17.09507854561157
2022-04-26,17.54267237596946
2022-04-27,17.434957853301395
2022-04-28,17.50820382107579
2022-04-29,17.936817637746024
2022-04-30,18.040666419130535
2022-05-01,18.03794455512003
2022-05-02,18.43887319139543
2022-05-03,17.80775359501951
2022-05-04,18.146942678539315
2022-05-05,18.504063343807346
2022-05-06,19.31614434869477
2022-05-07,19.648989976750343
2022-05-08,20.253512845604327
2022-05-09,19.952976002655863
2022-05-10,19.915893466931344
2022-05-11,19.3703395203298
2022-05-12,19.850002816353822
2022-05-13,18.918268457225775
2022-05-14,18.791654361182
2022-05-15,19.681079884494295
2022-05-16,20.125706672209642
2022-05-17,20.349789807543058
2022-05-18,19.843641796579288
2022-05-19,19.66101054997304
2022-05-20,19.57268164831861
2022-05-21,19.654561122935274
2022-05-22,20.026175499184163
2022-05-23,19.845857222430844
2022-05-24,19.92323484963755
2022-05-25,19.972215089458466
2022-05-26,19.494292446371155
2022-05-27,20.436990120069048
2022-05-28,21.058067149505263
2022-05-29,20.585304382885333
2022-05-30,20.494733062571477
2022-05-31,20.19135391166388
2022-06-01,20.394410790666754
2022-06-02,20.139659415255508
2022-06-03,20.301687921734914
2022-06-04,20.767838461609596
2022-06-05,21.238611363258393
2022-06-06,20.728833550208904
2022-06-07,21.72310061429934
2022-06-08,22.0495199669203
2022-06-09,21.890592504754867
2022-06-10,21.107906346103675
2022-06-11,21.714534618850745
2022-06-12,21.072965319238346
2022-06-13,22.335181715946863
2022-06-14,21.1528527089601
2022-06-15,21.53528324263621
2022-06-16,22.16514952281156
2022-06-17,22.786551014292897
2022-06-18,22.074766243845346
2022-06-19,21.37341270778051
2022-06-20,20.769660753759084
2022-06-21,20.81931701423489
2022-06-22,20.70592506612515
2022-06-23,21.63845836790797
2022-06-24,22.13257825056696
2022-06-25,22.67192100012947
2022-06-26,22.82334327410524
2022-06-27,22.518878682260667
2022-06-28,22.542867322161797
2022-06-29,22.557470026338684
2022-06-30,22.611043922550845
2022-07-01,22.56172381790462
2022-07-02,23.28035476876559
2022-07-03,23.42378397583311
2022-07-04,23.2426966523218
2022-07-05,23.686199171079366
2022-07-06,23.279735587880946
2022-07-07,23.585734647655983
2022-07-08,22.63611501439582
2022-07-09,23.155986137830098
2022-07-10,23.323914585929508
2022-07-11,23.88637989328064
2022-07-12,24.307067021353454
2022-07-13,24.17655049121916
2022-07-14,24.37724413334778
2022-07-15,24.459521689123356
2022-07-16,24.480832407730578
2022-07-17,24.728900537268103
2022-07-18,24.808072666616624
2022-07-19,24.514679985076448
2022-07-20,24.27929906824674
2022-07-21,24.83854951781958
2022-07-22,24.771310397129277
2022-07-23,24.10009330701742
2022-07-24,24.35878297469769
2022-07-25,24.15328771481615
2022-07-26,24.340897363564302
2022-07-27,24.08176138738413
2022-07-28,23.57892231836528
2022-07-29,23.956754024368905
2022-07-30,24.12723785372788
2022-07-31,25.605280018885452
2022-08-01,24.71904263822098
2022-08-02,24.711558249401854
2022-08-03,25.339305430500453
2022-08-04,24.527699960470365
2022-08-05,24.630252671789187
2022-08-06,24.82651722707378
2022-08-07,24.689951963215513
2022-08-08,24.472881149857944
2022-08-09,24.66010400793264
2022-08-10,25.18880699896986
2022-08-11,25.880529513010593
2022-08-12,25.964949557853302
2022-08-13,25.59188386145989
2022-08-14,25.61190343778153
2022-08-15,24.419400386169393
2022-08-16,24.118814309229503
2022-08-17,24.20979337173453
2022-08-18,24.497410530393193
2022-08-19,24.573002376408866
2022-08-20,25.536948191571867
2022-08-21,24.465202113881134
2022-08-22,24.757866908840874
2022-08-23,25.511778873073915
2022-08-24,25.576850068846298
2022-08-25,25.0431485817131
2022-08-26,25.775751736057252
2022-08-27,25.279758574136807
2022-08-28,25.62137884480628
2022-08-29,25.10495229547175
2022-08-30,24.789611871198787
2022-08-31,24.923904483537918
2022-09-01,24.47777577503998
2022-09-02,24.117900642891527
2022-09-03,23.663555556531797
2022-09-04,23.59630579975847
2022-09-05,23.6992941965114
2022-09-06,23.82941202282906
2022-09-07,23.97439297445261
2022-09-08,23.40224173312469
2022-09-09,23.56174145640305
2022-09-10,23.637046561159384
2022-09-11,23.252399624668946
2022-09-12,23.001447334454056
2022-09-13,23.544195706133017
2022-09-14,23.607666631663662
2022-09-15,23.507153429040976
2022-09-16,22.45032735740989
2022-09-17,23.062701984536957
2022-09-18,23.209172249389905
2022-09-19,22.86142689526759
2022-09-20,23.274829245564728
2022-09-21,22.92367681176942
2022-09-22,22.695981784838608
2022-09-23,22.499693299508856
2022-09-24,22.788873006881744
2022-09-25,22.26665650977258
2022-09-26,22.47455729222681
2022-09-27,22.148187865948714
2022-09-28,21.917399450144657
2022-09-29,21.39883340011942
2022-09-30,21.232900420780116
2022-10-01,21.774154643252743
2022-10-02,21.803139413542272
2022-10-03,21.93074313316784
2022-10-04,20.559625576489882
2022-10-05,20.641214333608133
2022-10-06,20.98022483808357
2022-10-07,21.52397206718983
2022-10-08,21.499435061616
2022-10-09,21.488524250683135
2022-10-10,21.261054486584698
2022-10-11,21.552535370321042
2022-10-12,20.919232163740922
2022-10-13,21.177257839174366
2022-10-14,20.68960130143248
2022-10-15,20.059409027977836
2022-10-16,19.47553230257696
2022-10-17,20.255961323277784
2022-10-18,20.701937820615637
2022-10-19,19.91354798406137
2022-10-20,19.77712878634964
2022-10-21,19.271602750633615
2022-10-22,19.375100540427297
2022-10-23,18.989410546860523
2022-10-24,19.410011374260947
2022-10-25,19.534710794525594
2022-10-26,19.651819963295544
2022-10-27,19.72913766878698
2022-10-28,18.625009961262812
2022-10-29,18.309601578169953
2022-10-30,19.500292555582657
2022-10-31,19.169715471062343
2022-11-01,19.517607496668113
2022-11-02,19.43981211324585
2022-11-03,18.826216755624916
2022-11-04,18.91261747644147
2022-11-05,19.154389603047772
2022-11-06,17.836670888558036
2022-11-07,17.523139300660954
2022-11-08,17.440384939789453
2022-11-09,17.878817824433252
2022-11-10,18.193786905609116
2022-11-11,18.583578669820835
2022-11-12,18.311029991681167
2022-11-13,18.58027721639092
2022-11-14,17.722504596475538
2022-11-15,17.429607787653737
2022-11-16,17.09094240780198
2022-11-17,17.713012373307926
2022-11-18,17.48376577464792
2022-11-19,17.323391271705386
2022-11-20,16.68976449353534
2022-11-21,17.12328754989671
2022-11-22,17.738964056215433
2022-11-23,16.732251590757258
2022-11-24,15.742988059243956
2022-11-25,16.51586105609379
2022-11-26,16.0103862716123
2022-11-27,15.907280560387402
2022-11-28,15.51822580379929
2022-11-29,16.395763460617943
2022-11-30,15.978395439251878
2022-12-01,15.808315308612283
2022-12-02,15.507812412764125
2022-12-03,15.26150845823545
2022-12-04,15.81319616944594
2022-12-05,15.573246965351132
2022-12-06,14.864994966945506
2022-12-07,15.606474790460052
2022-12-08,16.605897063029005
2022-12-09,16.290736880835848
2022-12-10,15.81400207537254
2022-12-11,16.442245797580743
2022-12-12,16.403948349455646
2022-12-13,16.185255960182566
2022-12-14,15.75297982414575
2022-12-15,14.763435039599862
2022-12-16,15.037066683230275
2022-12-17,15.102059101432786
2022-12-18,14.556173767726639
2022-12-19,14.813799053843555
2022-12-20,15.444486785262297
2022-12-21,16.41983245632041
2022-12-22,15.790660450677121
2022-12-23,15.448701012205564
2022-12-24,15.378850312576144
2022-12-25,15.531743021117304
2022-12-26,15.564922843437433
2022-12-27,15.60816550499281
2022-12-28,15.143907820039987
2022-12-29,15.227069578397721
2022-12-30,15.050060846328874
2022-12-31,14.153635666978824
2023-01-01,14.467347273922988
2023-01-02,14.031701242305422
2023-01-03,13.804037894826363
2023-01-04,14.446994436590517
2023-01-05,13.734574797956522
2023-01-06,13.648123229097461
2023-01-07,13.384302558183958
2023-01-08,13.143773126818093
2023-01-09,13.66848914183523
2023-01-10,14.055946448628406
2023-01-11,13.880910998791725
2023-01-12,13.530875503744756
2023-01-13,13.265256471927621
2023-01-14,13.804971046492597
2023-01-15,14.389804206330668
2023-01-16,14.272730344672253
2023-01-17,14.635342698645061
2023-01-18,14.112026431390564
2023-01-19,13.411723668117498
2023-01-20,13.512991380253036
2023-01-21,14.343515776739856
2023-01-22,13.909357038925634
2023-01-23,14.240757738853933
2023-01-24,14.282089701244704
2023-01-25,14.423696743751478
2023-01-26,15.206389606408436
2023-01-27,15.006372760718449
2023-01-28,14.401102125759841
2023-01-29,14.779510151124903
2023-01-30,15.30022876999394
2023-01-31,15.266077347105558
2023-02-01,15.121280222098822
2023-02-02,14.712973913079608
2023-02-03,14.65996633617458
2023-02-04,14.43605421241738
2023-02-05,14.378056708796391
2023-02-06,14.593157712958394
2023-02-07,14.247907627478762
2023-02-08,14.240655471148472
2023-02-09,14.818633830341605
2023-02-10,14.699493185796912
2023-02-11,15.540877352159603
2023-02-12,15.844057604613623
2023-02-13,15.465749811726067
2023-02-14,15.389419715132725
2023-02-15,15.474579829718841
2023-02-16,15.059258080525215
2023-02-17,15.196430046401215
2023-02-18,15.029793368735177
2023-02-19,15.257991146692882
2023-02-20,14.87581826466645
2023-02-21,14.673558863702892
2023-02-22,15.102962208060342
2023-02-23,14.591270284406393
2023-02-24,15.122227908549602
2023-02-25,15.001912768478117
2023-02-26,15.192663538671173
2023-02-27,15.383704806353581
2023-02-28,14.341045774231624
2023-03-01,15.128796100140704
2023-03-02,15.635310627287755
2023-03-03,15.57400124211232
2023-03-04,15.349678935111573
2023-03-05,14.987327200216058
2023-03-06,15.07590675254238
2023-03-07,15.485427505774265
2023-03-08,15.169126041875472
2023-03-09,14.413599447045195
2023-03-10,15.145446359270897
2023-03-11,16.119531724521984
2023-03-12,16.292537798401785
2023-03-13,16.477245543193813
2023-03-14,15.874669482311166
2023-03-15,15.792380512118296
2023-03-16,15.90827507438386
2023-03-17,16.871960620368043
2023-03-18,16.3368571924429
2023-03-19,16.3087116265245
2023-03-20,15.570426370132232
2023-03-21,15.084109125746947
2023-03-22,14.81842671820984
2023-03-23,15.628753825933327
2023-03-24,16.333266399922632
2023-03-25,16.41369712457515
2023-03-26,16.412180189935263
2023-03-27,16.15749339989848
2023-03-28,16.28099381010794
2023-03-29,16.024941718029844
2023-03-30,16.48906724334503
2023-03-31,16.479644443597287
2023-04-01,16.917546876542946
2023-04-02,15.859933485075778
2023-04-03,15.655068313031045
2023-04-04,15.108896633358121
2023-04-05,15.967942159149947
2023-04-06,16.160351912850352
2023-04-07,16.32038590384797
2023-04-08,17.29385155680254
2023-04-09,16.92910415934641
2023-04-10,17.11195148989624
2023-04-11,16.83484318955008
2023-04-12,17.326057190223622
2023-04-13,17.610904485808824
2023-04-14,17.576856330867056
2023-04-15,17.553435268954637
2023-04-16,17.946847811202133
2023-04-17,17.526028119313487
2023-04-18,17.834535506927526
2023-04-19,17.443723898134472
2023-04-20,17.415596153561168
2023-04-21,16.745216949968736
2023-04-22,17.02569244785658
2023-04-23,17.118830214700917
2023-04-24,17.055620261006837
2023-04-25,17.34802747934839
2023-04-26,17.808639954005294
2023-04-27,17.734958967483504
2023-04-28,17.768290039419732
2023-04-29,18.183050073842374
2023-04-30,18.270685425174744
2023-05-01,18.270962908430672
2023-05-02,18.691973592918846
2023-05-03,18.073866316614215
2023-05-04,18.447079159938497
2023-05-05,18.76427139539834
2023-05-06,19.562481145783543
2023-05-07,19.879091888506604
2023-05-08,20.486588764006893
2023-05-09,20.20610498517378
2023-05-10,20.18200252490582
2023-05-11,19.670437349211134
2023-05-12,20.110135119426957
2023-05-13,19.164491044364265
2023-05-14,19.021603062206086
2023-05-15,19.913963939454387
2023-05-16,20.37860641004475
2023-05-17,20.615634443580003
2023-05-18,20.14344314435677
2023-05-19,19.920818299204726
2023-05-20,19.818556391564538
2023-05-21,19.884144172392567
2023-05-22,20.258682158517615
2023-05-23,20.098374328360418
2023-05-24,20.188698417598008
2023-05-25,20.271643863116307
2023-05-26,19.753743007446168
2023-05-27,20.682529745842068
2023-05-28,21.287343464281108
2023-05-29,20.817538473075068
2023-05-30,20.747016874611795
2023-05-31,20.456627771196338
2023-06-01,20.693696846370244
2023-06-02,20.399016666793024
2023-06-03,20.54718502137351
2023-06-04,20.997123337470278
2023-06-05,21.470904334456783
2023-06-06,20.98122475301343
2023-06-07,21.988527576790503
2023-06-08,22.349001133816422
2023-06-09,22.1501823693766
2023-06-10,21.353668376034218
2023-06-11,21.94411101940537
2023-06-12,21.30557030099958
2023-06-13,22.587899081028702
2023-06-14,21.418613588864464
2023-06-15,21.83509978470382
2023-06-16,22.42507017764855
2023-06-17,23.032633606491345
2023-06-18,22.30464786599049
2023-06-19,21.60630310059921
2023-06-20,21.022639984127363
2023-06-21,21.0853132816425
2023-06-22,21.005948433061285
2023-06-23,21.898556065789098
2023-06-24,22.378807743423483
2023-06-25,22.901919846950076
2023-06-26,23.056322454094946
2023-06-27,22.771920196929955
2023-06-28,22.808901907633725
2023-06-29,22.857510774632956
2023-06-30,22.871141467173466
2023-07-01,22.807939269948797
2023-07-02,23.5103294485762
2023-07-03,23.65673260866536
2023-07-04,23.49570484599019
2023-07-05,23.952201012826997
2023-07-06,23.579747162726964
2023-07-07,23.84580913659252
2023-07-08,22.882315561137165
2023-07-09,23.385955531043837
2023-07-10,23.556868426588007
2023-07-11,24.13940406562803
2023-07-12,24.573095304510623
2023-07-13,24.47659811277228
2023-07-14,24.6373629217222
2023-07-15,24.705773011265048
2023-07-16,24.710856936319814
2023-07-17,24.961911513958384
2023-07-18,25.061153476317436
2023-07-19,24.780761874614466
2023-07-20,24.579394806967223
2023-07-21,25.098708653180594
2023-07-22,25.0175922882193
2023-07-23,24.330136976901045
2023-07-24,24.591800445146042
2023-07-25,24.40636163598602
2023-07-26,24.60695877005812
2023-07-27,24.381823376976996
2023-07-28,23.83903530583199
2023-07-29,24.202978753408203
2023-07-30,24.35721520862712
2023-07-31,25.83822430088065
2023-08-01,24.972039121116115
2023-08-02,24.977540848423732
2023-08-03,25.63929028367291
2023-08-04,24.787740578297704
2023-08-05,24.87641284184655
2023-08-06,25.056440718876047
2023-08-07,24.92285570204703
2023-08-08,24.72585267773431
2023-08-09,24.926079069029676
2023-08-10,25.488803051807782
2023-08-11,26.14060082769698
2023-08-12,26.21116008707502
2023-08-13,25.821876931815325
2023-08-14,25.84489493093504
2023-08-15,24.672476227972357
2023-08-16,24.384908103434107
2023-08-17,24.509919979189995
2023-08-18,24.757621250001012
2023-08-19,24.819357913787943
2023-08-20,25.76708845902442
2023-08-21,24.698339527479266
2023-08-22,25.011083996945832
2023-08-23,25.77800602888029
2023-08-24,25.87709924376299
2023-08-25,25.303468571874035
2023-08-26,26.022201244112008
2023-08-27,25.509976086641082
2023-08-28,25.85457598787571
2023-08-29,25.35821148077809
2023-08-30,25.055864063149407
2023-08-31,25.22416288346129
2023-09-01,24.738091074450143
2023-09-02,24.364334028586057
2023-09-03,23.893748509061318
2023-09-04,23.8294733502551
2023-09-05,23.952522456628927
2023-09-06,24.095635822114822
2023-09-07,24.274629404939624
2023-09-08,23.66254525759597
2023-09-09,23.808176767737525
2023-09-10,23.86725823909095
2023-09-11,23.485605259721527
2023-09-12,23.25473493841897
2023-09-13,23.810501247707048
2023-09-14,23.908007500875645
2023-09-15,23.767583490174946
2023-09-16,22.69690978038887
2023-09-17,23.293078902854056
2023-09-18,23.44255791524416
2023-09-19,23.114905151245694
2023-09-20,23.541331150530837
2023-09-21,23.22421422271387
2023-09-22,22.956602551625927
2023-09-23,22.74645425890366
2023-09-24,23.01940981962328
2023-09-25,22.500177006426053
2023-09-26,22.728139141743952
2023-09-27,22.41475639886807
2023-09-28,22.217961432289112
2023-09-29,21.659432407851888
2023-09-30,21.479589998508033
2023-10-01,22.004568281625378
2023-10-02,22.03648400927084
2023-10-03,22.18409674028753
2023-10-04,20.825915277694367
2023-10-05,20.94145002514808
2023-10-06,21.24045457794123
2023-10-07,21.770255166952218
2023-10-08,21.729411961325553
2023-10-09,21.721409839540044
2023-10-10,21.513935682329247
2023-10-11,21.818348789938184
2023-10-12,21.218997683893296
2023-10-13,21.437033701768904
2023-10-14,20.935456951064108
2023-10-15,20.288994727306893
2023-10-16,19.708072195564192
2023-10-17,20.508550766227135
2023-10-18,20.967520820661708
2023-10-19,20.21315055017277
2023-10-20,20.03681385441007
2023-10-21,19.517442874711914
2023-10-22,19.604747400953233
2023-10-23,19.22208794911313
2023-10-24,19.662812559557537
2023-10-25,19.800575904955416
2023-10-26,19.951769465016095
2023-10-27,19.989227394096382
2023-10-28,18.871303959033572
2023-10-29,18.53974181947881
2023-10-30,19.733492163109208
2023-10-31,19.42305628875011
2023-11-01,19.784017833783444
2023-11-02,19.74030046049303
2023-11-03,19.086827125721268
2023-11-04,19.159402550643982
2023-11-05,19.38498072259192
2023-11-06,18.070271551454393
2023-11-07,17.77682297311711
2023-11-08,17.7070730095789
2023-11-09,18.179513487945506
2023-11-10,18.45453063607998
2023-11-11,18.830421444533428
2023-11-12,18.541603314449684
2023-11-13,18.81378659494418
2023-11-14,17.97602728411429
2023-11-15,17.696070618250893
2023-11-16,17.391355518946323
2023-11-17,17.973424469447885
2023-11-18,17.73023711356985
2023-11-19,17.553563417230304
2023-11-20,16.92285350148433
2023-11-21,17.37638140478505
2023-11-22,18.005000196265552
2023-11-23,17.032250324744677
2023-11-24,16.00300753570192
2023-11-25,16.76196997658848
2023-11-26,16.240233398817974
2023-11-27,16.14008769510646
2023-11-28,15.771085054522832
2023-11-29,16.661614648212378
2023-11-30,16.278259443996525
2023-12-01,16.068249022424396
2023-12-02,15.75388148915776
2023-12-03,15.491356910069502
2023-12-04,16.046039486433344
2023-12-05,15.826169571299197
2023-12-06,15.13092785433033
2023-12-07,15.906429133350901
2023-12-08,16.86591946392241
2023-12-09,16.536882435809645
2023-12-10,16.043904298829936
2023-12-11,16.67511006937134
2023-12-12,16.6568496950095
2023-12-13,16.451116992039054
2023-12-14,16.052804637040364
2023-12-15,15.023264706439585
2023-12-16,15.282952528989245
2023-12-17,15.33163278992944
2023-12-18,14.78864085900455
2023-12-19,15.066236839131193
2023-12-20,15.709822225735419
2023-12-21,16.719076017258363
2023-12-22,16.049861479371653
2023-12-23,15.693920839272897
2023-12-24,15.607732115776045
2023-12-25,15.763505114966225
2023-12-26,15.816656208429178
2023-12-27,15.872811390586204
2023-12-28,15.44249122182084
2023-12-29,15.485654247239285
2023-12-30,15.2947220190512
2023-12-31,14.382029567588825
2024-01-01,14.698704058542276
2024-01-02,14.283122211003665
2024-01-03,14.068472813241636
2024-01-04,14.745474775546148
2024-01-05,13.993168555562722
2024-01-06,13.892907530176325
2024-01-07,13.612933083966446
2024-01-08,13.375477050296789
2024-01-09,13.920362392616807
2024-01-10,14.320931149117172
2024-01-11,14.180028877209518
2024-01-12,13.79018294418668
2024-01-13,13.510817390430692
2024-01-14,14.034426639394256
2024-01-15,14.622366237469947
2024-01-16,14.525478786561113
2024-01-17,14.901203559545065
2024-01-18,14.412005563596932
2024-01-19,13.671862207320057
2024-01-20,13.759338994866834
2024-01-21,14.573700763303327
2024-01-22,14.142579921657536
2024-01-23,14.494089179927341
2024-01-24,14.548448546803748
2024-01-25,14.724083995297457
2024-01-26,15.466843963227479
2024-01-27,15.252943909646342
2024-01-28,14.631420813441812
2024-01-29,15.012781697608894
2024-01-30,15.553530832619762
2024-01-31,15.532337763718042
2024-02-01,15.421510728688189
2024-02-02,14.973225388333788
2024-02-03,14.906301757192438
2024-02-04,14.666118365622555
2024-02-05,14.611069324457219
2024-02-06,14.846210842273713
2024-02-07,14.513943101409755
2024-02-08,14.540698246141648
2024-02-09,15.07874688308768
2024-02-10,14.945750150296156
2024-02-11,15.770931951281716
2024-02-12,16.077136551618445
2024-02-13,15.718950006496698
2024-02-14,15.655685578676046
2024-02-15,15.774936584935201
2024-02-16,15.31976664265533
2024-02-17,15.443159716079172
2024-02-18,15.260391377903177
2024-02-19,15.491675729390987
2024-02-20,15.129676072576359
2024-02-21,14.940522563856002
2024-02-22,15.404044063466332
2024-02-23,14.852517372874123
2024-02-24,15.369695163823039
2024-02-25,15.233232884717667
2024-02-26,15.427040400889041
2024-02-27,15.63821125736959
2024-02-28,14.608601546567918
2024-02-29,15.381924544652406
2024-03-01,15.897002849438529
2024-03-02,15.821826415198643
2024-03-03,15.581263036865774
2024-03-04,15.22186942300934
2024-03-05,15.33047735818429
2024-03-06,15.752945791382102
2024-03-07,15.470594209202728
2024-03-08,14.675058024388417
2024-03-09,15.392947356274517
2024-03-10,16.35070855952533
2024-03-11,16.52659866196901
2024-03-12,16.731271011769824
2024-03-13,16.141590216029016
2024-03-14,16.09321083672922
2024-03-15,16.169068104377214
2024-03-16,17.118781111683745
2024-03-17,16.56735117241582
2024-03-18,16.542099472389022
2024-03-19,15.823800157204388
2024-03-20,15.350410085778536
2024-03-21,15.11867861348828
2024-03-22,15.889017900786346
2024-03-23,16.579614101484662
2024-03-24,16.64377964284856
2024-03-25,16.645221489378752
2024-03-26,16.410587563594643
2024-03-27,16.54708253561296
2024-03-28,16.3250477679753
2024-03-29,16.74924950891776
2024-03-30,16.725970808332185
2024-03-31,17.147663925150837
2024-04-01,16.09305972389805
2024-04-02,15.908291716861141
2024-04-03,15.375152351331499
2024-04-04,16.2682461763254
2024-04-05,16.42075631932316
2024-04-06,16.566951952899377
2024-04-07,17.52421955139048
2024-04-08,17.162486828783507
2024-04-09,17.365431667503454
2024-04-10,17.10135162093253
2024-04-11,17.626606266706915
2024-04-12,17.87154355380162
2024-04-13,17.82364475860225
2024-04-14,17.784012310863183
2024-04-15,18.180425933665028
2024-04-16,17.779690601353238
2024-04-17,18.10121414902521
2024-04-18,17.744432637893347
2024-04-19,17.676386243664805
2024-04-20,16.992149884908457
2024-04-21,17.256409684883618
2024-04-22,17.352546357957827
2024-04-23,17.309420527454392
2024-04-24,17.614845284408606
2024-04-25,18.1094904199203
2024-04-26,17.995894013518292
2024-04-27,18.015371243364363
2024-04-28,18.413918352456403
2024-04-29,18.504554203866906
2024-04-30,18.524915599237715
2024-05-01,18.958941218265586
2024-05-02,18.37486108053897
2024-05-03,18.708149623780507
2024-05-04,19.011475444519142
2024-05-05,19.793455791436955
2024-05-06,20.113046571082673
2024-05-07,20.74060297225016
2024-05-08,20.473106024135856
2024-05-09,20.482999229488296
2024-05-10,19.931475395517637
2024-05-11,20.35727011591685
2024-05-12,19.395358442686884
2024-05-13,19.255411550184697
2024-05-14,20.16779312765452
2024-05-15,20.645384642216587
2024-05-16,20.916372526129184
2024-05-17,20.404189646182655
2024-05-18,20.16763260386548
2024-05-19,20.049078542466894
2024-05-20,20.117588175115532
2024-05-21,20.512133554116332
2024-05-22,20.364767871052994
2024-05-23,20.489051655700855
2024-05-24,20.532012278768413
2024-05-25,20.00019290164448
2024-05-26,20.912707914267685
2024-05-27,21.520470332883242
2024-05-28,21.0707055120492
2024-05-29,21.013164128744958
2024-05-30,20.756777309665903
2024-05-31,20.972641536488606
2024-06-01,20.645357990081756
2024-06-02,20.777305158186522
2024-06-03,21.2302432864699
2024-06-04,21.724115064764543
2024-06-05,21.247464755805517
2024-06-06,22.28881636389832
2024-06-07,22.609394341078826
2024-06-08,22.396744652135634
2024-06-09,21.58404314176147
2024-06-10,22.177513664601534
2024-06-11,21.55908576789845
2024-06-12,22.85445956779845
2024-06-13,21.719232211071095
2024-06-14,22.095825841115293
2024-06-15,22.671962203169798
2024-06-16,23.26332925280976
2024-06-17,22.538357272998034
2024-06-18,21.86010657049559
2024-06-19,21.28946578882025
2024-06-20,21.386171398777428
2024-06-21,21.266885862031984
2024-06-22,22.145629905544446
2024-06-23,22.60965507245201
2024-06-24,23.135751069077788
2024-06-25,23.310218923320004
2024-06-26,23.038811953923368
2024-06-27,23.10980132587963
2024-06-28,23.11846777074062
2024-06-29,23.11821646078973
2024-06-30,23.038772937583936
2024-07-01,23.744135939102083
2024-07-02,23.910597037892575
2024-07-03,23.762560907067154
2024-07-04,24.25306450434819
2024-07-05,23.84067109267902
2024-07-06,24.092856590730293
2024-07-07,23.113129382746354
2024-07-08,23.619751481887157
2024-07-09,23.810732647817446
2024-07-10,24.406270676088567
2024-07-11,24.873979938287672
2024-07-12,24.737553053375244
2024-07-13,24.884450020084383
2024-07-14,24.936633432485337
2024-07-15,24.944704402357992
2024-07-16,25.21582985802267
2024-07-17,25.328074342967493
2024-07-18,25.081698363782667
2024-07-19,24.84039671552032
2024-07-20,25.34583549743425
2024-07-21,25.248483148684706
2024-07-22,24.56400382908025
2024-07-23,24.84572578907309
2024-07-24,24.673276255949478
2024-07-25,24.90787542066611
2024-07-26,24.642792047746923
2024-07-27,24.08611624693222
2024-07-28,24.433812303723922
2024-07-29,24.591015090541195
2024-07-30,26.092075195701163
2024-07-31,25.238874358443304
2024-08-01,25.278376008031415
2024-08-02,25.90017836497943
2024-08-03,25.034744923331793
2024-08-04,25.107176856430513
2024-08-05,25.290181060124326
2024-08-06,25.176659749852224
2024-08-07,24.992656127181892
2024-08-08,25.226899445748302
2024-08-09,25.749694808432746
2024-08-10,26.387628210043378
2024-08-11,26.441966816776645
2024-08-12,26.055679375209735
2024-08-13,26.09877957263818
2024-08-14,24.93937728628214
2024-08-15,24.6858410890395
2024-08-16,24.770936854131946
2024-08-17,25.004783373565378
2024-08-18,25.05030581968503
2024-08-19,26.001035130455882
2024-08-20,24.952367985166756
2024-08-21,25.27812503343943
2024-08-22,26.079071886622327
2024-08-23,26.138238889775803
2024-08-24,25.55074075172816
2024-08-25,26.25324435570154
2024-08-26,25.744001536852593
2024-08-27,26.108665844153606
2024-08-28,25.625296248379293
2024-08-29,25.35695638367479
2024-08-30,25.485312806357378
2024-08-31,24.965314663495015
2024-09-01,24.59536086561275
2024-09-02,24.12774845578524
2024-09-03,24.083531786644404
2024-09-04,24.219573525877692
2024-09-05,24.39669600245124
2024-09-06,24.535752643584146
2024-09-07,23.90979585339623
2024-09-08,24.039199047979725
2024-09-09,24.101269699507334
2024-09-10,23.73969398642054
2024-09-11,23.5218371498459
2024-09-12,24.11163475990486
2024-09-13,24.169226775556524
2024-09-14,24.014952455538868
2024-09-15,22.928071472930466
2024-09-16,23.52724860114087
2024-09-17,23.696820585505915
2024-09-18,23.38219304309102
2024-09-19,23.842657345339845
2024-09-20,23.485627792563577
2024-09-21,23.20416151613903
2024-09-22,22.977795384871058
2024-09-23,23.253741930240942
2024-09-24,22.754578615196973
2024-09-25,22.995536244061253
2024-09-26,22.716156218158694
2024-09-27,22.479407772707845
2024-09-28,21.906978795017814
2024-09-29,21.71086964737882
2024-09-30,22.238787552918737
2024-10-01,22.290720164539138
2024-10-02,22.451275824362213
2024-10-03,21.127045921865577
2024-10-04,21.202578820460683
2024-10-05,21.487639198488885
2024-10-06,22.00113428172221
2024-10-07,21.963198596563686
2024-10-08,21.975189003409074
2024-10-09,21.780642083325056
2024-10-10,22.119000446200353
2024-10-11,21.479651077487826
2024-10-12,21.683756663340084
2024-10-13,21.16589831958389
2024-10-14,20.522377453574528
2024-10-15,19.96149070822688
2024-10-16,20.774948438910894
2024-10-17,21.26792334439303
2024-10-18,20.473620871935932
2024-10-19,20.283424873508384
2024-10-20,19.747846947354397
2024-10-21,19.83816932641377
2024-10-22,19.47562226011547
2024-10-23,19.92940095816634
2024-10-24,20.101240649674782
2024-10-25,20.212568370203257
2024-10-26,20.23622663236159
2024-10-27,19.102147714705467
2024-10-28,18.773645463082573
2024-10-29,19.987539764816674
2024-10-30,19.690178306452225
2024-10-31,20.085224774968136
2024-11-01,20.001638171823117
2024-11-02,19.334349893264232
2024-11-03,19.390743050826806
2024-11-04,19.619343485749205
2024-11-05,18.32473074800652
2024-11-06,18.044300350487116
2024-11-07,18.00857177208444
2024-11-08,18.4410737674088
2024-11-09,18.702202730930136
2024-11-10,19.061835863430005
2024-11-11,18.77596428349855
2024-11-12,19.068169837092544
2024-11-13,18.24335789877514
2024-11-14,17.99735685474251
2024-11-15,17.652644094219106
2024-11-16,18.220773611921345
2024-11-17,17.96128637436223
2024-11-18,17.787526914188007
2024-11-19,17.176817411829493
2024-11-20,17.6432815423784
2024-11-21,18.30585547549994
2024-11-22,17.29311777023371
2024-11-23,16.249955028287346
2024-11-24,16.992645785422283
2024-11-25,16.473859172926385
2024-11-26,16.393755737557996
2024-11-27,16.03773572158803
2024-11-28,16.962269680829642
2024-11-29,16.538976894749496
2024-11-30,16.36488380678595
2024-12-01,15.984503598604569
2024-12-02,15.72497149357638
2024-12-03,16.29973291047096
2024-12-04,16.09287483085243
2024-12-05,15.431658124236712
2024-12-06,16.167232952808007
2024-12-07,17.112853740334064
2024-12-08,16.767582310990047
2024-12-09,16.277576542035085
2024-12-10,16.928830809367422
2024-12-11,16.923542320978235
2024-12-12,16.751786016703512
2024-12-13,16.313491170333407
2024-12-14,15.270019717475023
2024-12-15,15.51340693174451
2024-12-16,15.564991010512657
2024-12-17,15.041978691327646
2024-12-18,15.332479414760417
2024-12-19,16.00997788876631
2024-12-20,16.979191751560382
2024-12-21,16.2959960665928
2024-12-22,15.923714785237403
2024-12-23,15.840401006919208
2024-12-24,16.016137216847603
2024-12-25,16.082190138632747
2024-12-26,16.172269664532955
2024-12-27,15.70193532745857
2024-12-28,15.731157436323112
2024-12-29,15.523938862431216
2024-12-30,14.614188946114528
2024-12-31,14.103114389167668
