fecha,humedad
2019-01-01,65.1740429133583
2019-01-02,68.20192430620531
2019-01-03,72.1918797453413
2019-01-04,68.15828431568492
2019-01-05,65.08385424986004
2019-01-06,68.3076638541
2019-01-07,67.53197066328543
2019-01-08,76.71222066564683
2019-01-09,75.71281789137527
2019-01-10,76.7815853562617
2019-01-11,74.17127264300719
2019-01-12,75.61554280109647
2019-01-13,75.69106784784054
2019-01-14,71.69136404114037
2019-01-15,72.6213280583587
2019-01-16,71.06106741449791
2019-01-17,75.63276513250906
2019-01-18,67.2937169558779
2019-01-19,67.10504178966389
2019-01-20,70.33775008753501
2019-01-21,72.92647700235274
2019-01-22,65.1396920573743
2019-01-23,69.50938783584581
2019-01-24,75.25775024899065
2019-01-25,74.23090147653129
2019-01-26,64.4231635441462
2019-01-27,64.22291871360935
2019-01-28,66.51210374665438
2019-01-29,70.72919149827851
2019-01-30,68.2385501758224
2019-01-31,69.14212771559006
2019-02-01,69.62265007482243
2019-02-02,70.87524826343616
2019-02-03,68.42067800506491
2019-02-04,69.39554879914448
2019-02-05,75.46507801623166
2019-02-06,74.42091019072264
2019-02-07,75.22632191770288
2019-02-08,77.66117034778061
2019-02-09,81.2133363758849
2019-02-10,76.25167727529397
2019-02-11,79.10246441270097
2019-02-12,78.59400322774552
2019-02-13,77.34827011960705
2019-02-14,72.13394953266172
2019-02-15,74.42945398624735
2019-02-16,72.2367176588377
2019-02-17,76.51015132026141
2019-02-18,77.522581363009
2019-02-19,78.82811248474965
2019-02-20,79.26729601123236
2019-02-21,79.88063851910654
2019-02-22,71.87235981275438
2019-02-23,63.56117328518212
2019-02-24,66.93388690945395
2019-02-25,72.5344234322227
2019-02-26,68.03054119192211
2019-02-27,64.33600118212962
2019-02-28,64.90320417870865
2019-03-01,61.09276339871336
2019-03-02,60.60590933200122
2019-03-03,63.75846189885145
2019-03-04,62.06020143763914
2019-03-05,76.60844841360584
2019-03-06,74.24263655283342
2019-03-07,72.08020915197442
2019-03-08,75.55511415966036
2019-03-09,79.63617682525275
2019-03-10,77.68276853980588
2019-03-11,73.75925890786576
2019-03-12,70.57978928312514
2019-03-13,73.05775208944723
2019-03-14,71.04491552079061
2019-03-15,70.34415439246743
2019-03-16,69.76675895835227
2019-03-17,64.11536099554786
2019-03-18,64.92930074715548
2019-03-19,71.47768180447898
2019-03-20,74.03013320916611
2019-03-21,75.81597533066925
2019-03-22,78.42835120856054
2019-03-23,76.57133341284296
2019-03-24,69.52517883118992
2019-03-25,73.69073265100243
2019-03-26,74.66760329034264
2019-03-27,63.107452429640496
2019-03-28,72.06020549791634
2019-03-29,79.49067285554474
2019-03-30,74.30470126947357
2019-03-31,74.76712886597961
2019-04-01,74.19691432517067
2019-04-02,74.5405347433559
2019-04-03,70.48797905251749
2019-04-04,74.95334011691332
2019-04-05,71.97643397099645
2019-04-06,65.42130362657466
2019-04-07,66.88469731730181
2019-04-08,72.41268963539223
2019-04-09,71.58503905324767
2019-04-10,66.38410262407959
2019-04-11,69.69532896910934
2019-04-12,67.26696635145083
2019-04-13,65.82926410084144
2019-04-14,71.4651524465427
2019-04-15,69.69526223987496
2019-04-16,70.19123555929538
2019-04-17,77.9466809923124
2019-04-18,75.11822665654161
2019-04-19,71.74186948663375
2019-04-20,66.8208617032056
2019-04-21,67.20716719941558
2019-04-22,78.74047556895273
2019-04-23,70.05235977247801
2019-04-24,77.34834392325013
2019-04-25,76.32510892799584
2019-04-26,72.27785586894346
2019-04-27,71.11623229510607
2019-04-28,67.48302294005182
2019-04-29,66.56614855869378
2019-04-30,65.07995281755542
2019-05-01,67.16097158221623
2019-05-02,66.46392261447748
2019-05-03,65.91847014638068
2019-05-04,71.4290757915013
2019-05-05,75.34017562690372
2019-05-06,76.02500365299377
2019-05-07,77.17958105766786
2019-05-08,71.95079128020977
2019-05-09,75.34235744973759
2019-05-10,63.56579459777564
2019-05-11,65.06797902104114
2019-05-12,66.684293885656
2019-05-13,72.86318312420227
2019-05-14,76.6723646548784
2019-05-15,65.75062403362092
2019-05-16,63.512633347057324
2019-05-17,63.7835176693062
2019-05-18,68.84800809168979
2019-05-19,68.54508297048399
2019-05-20,72.28073904101753
2019-05-21,70.23651711923756
2019-05-22,72.89119979476673
2019-05-23,72.5009208440585
2019-05-24,63.95490265116547
2019-05-25,68.13489554118243
2019-05-26,75.05687845042763
2019-05-27,73.51365448063468
2019-05-28,73.01732407768074
2019-05-29,73.68813200438196
2019-05-30,71.49343287799842
2019-05-31,69.92217115119226
2019-06-01,72.40516746721367
2019-06-02,73.85000448172872
2019-06-03,75.34479335662675
2019-06-04,72.50288157798767
2019-06-05,69.44883387441355
2019-06-06,73.88489794027717
2019-06-07,65.69635893696965
2019-06-08,72.13542460822454
2019-06-09,72.2472754944659
2019-06-10,70.73549719812726
2019-06-11,67.8920340395135
2019-06-12,71.48646429963934
2019-06-13,67.86673657916822
2019-06-14,72.24222610130538
2019-06-15,73.24304743863657
2019-06-16,63.878860413743325
2019-06-17,66.49377915887673
2019-06-18,74.5311832367884
2019-06-19,74.89079748611962
2019-06-20,73.28483371325405
2019-06-21,69.27442305630639
2019-06-22,71.92000076424667
2019-06-23,66.24232081434351
2019-06-24,68.78972094972363
2019-06-25,67.47552715646452
2019-06-26,66.43240209532657
2019-06-27,70.74302640855034
2019-06-28,68.8617937979394
2019-06-29,74.69398338122087
2019-06-30,73.15258576020169
2019-07-01,77.68331738812134
2019-07-02,76.85204257660878
2019-07-03,77.79838602753604
2019-07-04,75.44253307450926
2019-07-05,74.94008713582357
2019-07-06,74.07800916078473
2019-07-07,71.50994603650271
2019-07-08,76.05207094858443
2019-07-09,71.53414111946722
2019-07-10,73.96996098856206
2019-07-11,74.95770816375894
2019-07-12,70.90236778971178
2019-07-13,68.72085330534448
2019-07-14,68.9206847876933
2019-07-15,70.10616253904047
2019-07-16,71.25609539439391
2019-07-17,70.43749359576744
2019-07-18,72.47858889011437
2019-07-19,78.49604459471271
2019-07-20,74.48514975110541
2019-07-21,73.25986886152931
2019-07-22,73.1003648149569
2019-07-23,79.9255277804925
2019-07-24,74.04650686040911
2019-07-25,77.00885136020298
2019-07-26,65.16066323656906
2019-07-27,73.78467165137197
2019-07-28,75.2348468734245
2019-07-29,79.2657473272377
2019-07-30,80.44494034543878
2019-07-31,73.72078776523254
2019-08-01,73.55346014416486
2019-08-02,74.42108187102137
2019-08-03,67.5722302027431
2019-08-04,73.13333545211884
2019-08-05,73.68355571378099
2019-08-06,73.17707357909391
2019-08-07,70.6152440451003
2019-08-08,75.41776929902937
2019-08-09,79.87653258307178
2019-08-10,78.2271969862371
2019-08-11,75.00334078460301
2019-08-12,78.86558794136123
2019-08-13,78.72219611931231
2019-08-14,76.0915933026369
2019-08-15,78.54185537048555
2019-08-16,77.59127615206076
2019-08-17,73.59306219679196
2019-08-18,72.19899632408666
2019-08-19,75.1138265874198
2019-08-20,75.55108267118308
2019-08-21,84.04942384666023
2019-08-22,79.08535215292255
2019-08-23,73.86329572147586
2019-08-24,77.03048214259763
2019-08-25,81.13352333796057
2019-08-26,78.00907453359984
2019-08-27,76.15528186523193
2019-08-28,75.09120243390154
2019-08-29,77.3591009337073
2019-08-30,75.84257673825505
2019-08-31,76.13889965496753
2019-09-01,74.08710230103357
2019-09-02,74.60985269502201
2019-09-03,77.59053101287273
2019-09-04,74.70700885294995
2019-09-05,77.15561282057806
2019-09-06,79.44485303738496
2019-09-07,77.26751676302602
2019-09-08,76.45432134294623
2019-09-09,77.9794165842964
2019-09-10,75.05242055487425
2019-09-11,76.9194792549989
2019-09-12,76.35938400439638
2019-09-13,76.16886016250844
2019-09-14,79.98226210871854
2019-09-15,83.25097786768282
2019-09-16,80.94210722606718
2019-09-17,80.45525782812845
2019-09-18,79.4027979780057
2019-09-19,76.20396260914417
2019-09-20,79.15324721262604
2019-09-21,76.16580613866618
2019-09-22,75.82023744193292
2019-09-23,73.7446653135037
2019-09-24,73.36999294603142
2019-09-25,72.12966882652317
2019-09-26,69.37465428867128
2019-09-27,72.25927976806109
2019-09-28,70.25394752193576
2019-09-29,69.87680953862893
2019-09-30,77.57254911955866
2019-10-01,69.57719169160725
2019-10-02,67.2047609978163
2019-10-03,70.32223346704541
2019-10-04,72.89348400067331
2019-10-05,76.14993778252372
2019-10-06,78.68685986578394
2019-10-07,74.798074298273
2019-10-08,76.79933784268567
2019-10-09,74.7530557299694
2019-10-10,81.71724650680596
2019-10-11,78.70596927124879
2019-10-12,80.83648164433009
2019-10-13,77.30515890455374
2019-10-14,77.17829318062266
2019-10-15,76.33548637494002
2019-10-16,73.78965533623901
2019-10-17,75.59023848889474
2019-10-18,75.21785193148995
2019-10-19,78.70624931999933
2019-10-20,71.7398649146365
2019-10-21,77.67512493228286
2019-10-22,77.98505645088332
2019-10-23,85.66805129568586
2019-10-24,81.04266697719099
2019-10-25,77.95448538332465
2019-10-26,73.09793077745647
2019-10-27,66.52349709687994
2019-10-28,74.13546326107246
2019-10-29,76.61865025046218
2019-10-30,75.74768298291734
2019-10-31,80.3680904369741
2019-11-01,82.49767992702127
2019-11-02,83.98278709358384
2019-11-03,70.6203872470466
2019-11-04,70.9848865226066
2019-11-05,66.46450493725308
2019-11-06,67.86271317991513
2019-11-07,66.90035721612631
2019-11-08,67.5431222982765
2019-11-09,71.6865762487317
2019-11-10,73.32832148062724
2019-11-11,69.9991877635076
2019-11-12,73.16011950355264
2019-11-13,72.77179775242905
2019-11-14,75.76572326852316
2019-11-15,76.2667039725235
2019-11-16,78.90765998622938
2019-11-17,77.24259184685627
2019-11-18,79.27571023942174
2019-11-19,74.72456115423294
2019-11-20,80.13399311089853
2019-11-21,80.52765828703478
2019-11-22,68.2641904683634
2019-11-23,64.5090261953722
2019-11-24,67.13573909655814
2019-11-25,69.18502941492739
2019-11-26,73.3248065123306
2019-11-27,75.25822648115187
2019-11-28,64.39188254305309
2019-11-29,68.26883769472245
2019-11-30,78.65709487349042
2019-12-01,76.78265011607736
2019-12-02,70.68852474327512
2019-12-03,71.15768827926418
2019-12-04,73.2607752427892
2019-12-05,70.07236938675307
2019-12-06,74.2846769786526
2019-12-07,72.126067707694
2019-12-08,70.03656556904002
2019-12-09,67.23433887463123
2019-12-10,64.07660101092375
2019-12-11,70.81677743897588
2019-12-12,71.36870679779376
2019-12-13,74.7244847213315
2019-12-14,72.58509343327881
2019-12-15,72.22398497898554
2019-12-16,76.94007627248357
2019-12-17,74.75838768263455
2019-12-18,73.24858064989556
2019-12-19,80.64862993428753
2019-12-20,76.58773017395728
2019-12-21,73.74405084133606
2019-12-22,70.32741154453292
2019-12-23,78.02407250243492
2019-12-24,75.8462907904505
2019-12-25,74.70232954151273
2019-12-26,69.92399730803314
2019-12-27,70.70478992869725
2019-12-28,72.47759679952856
2019-12-29,68.06487428866448
2019-12-30,63.40617892807887
2019-12-31,66.77761669346808
2020-01-01,64.5232785255375
2020-01-02,67.90799726895443
2020-01-03,71.05842903785744
2020-01-04,67.05172819837959
2020-01-05,64.10524210580306
2020-01-06,68.57400745195692
2020-01-07,67.25965672376375
2020-01-08,76.05890311000148
2020-01-09,75.41502150626911
2020-01-10,75.64291288226993
2020-01-11,73.05813455716469
2020-01-12,74.62900942346411
2020-01-13,75.94820016939941
2020-01-14,71.40862516227573
2020-01-15,71.95647364180648
2020-01-16,70.75074692984289
2020-01-17,74.4807259589161
2020-01-18,66.16653068774771
2020-01-19,66.1039524626209
2020-01-20,70.580000820305
2020-01-21,72.62871705028665
2020-01-22,64.45986279343391
2020-01-23,69.18431955056681
2020-01-24,74.09136195000595
2020-01-25,73.08992314261482
2020-01-26,63.408980654972076
2020-01-27,64.45289564524518
2020-01-28,66.202988111133
2020-01-29,70.03899801167825
2020-01-30,67.90415599902349
2020-01-31,67.96747148362631
2020-02-01,68.47445408695259
2020-02-02,69.85486365350282
2020-02-03,68.64540946188933
2020-02-04,69.08206087701377
2020-02-05,74.77128156444775
2020-02-06,74.08356077549465
2020-02-07,74.04922236776679
2020-02-08,76.51089680001648
2020-02-09,80.19108753598249
2020-02-10,76.47460335280668
2020-02-11,78.78707765732219
2020-02-12,77.89806848267597
2020-02-13,77.00840715555586
2020-02-14,70.9538391902801
2020-02-15,73.27556740869964
2020-02-16,71.21016824658034
2020-02-17,76.7280257981274
2020-02-18,77.2013518327332
2020-02-19,78.12552784220868
2020-02-20,78.91998447312292
2020-02-21,78.69231328650649
2020-02-22,70.70954717117046
2020-02-23,62.525062808717664
2020-02-24,67.1416602115118
2020-02-25,72.20266340324005
2020-02-26,67.31693479820511
2020-02-27,63.977309192919726
2020-02-28,63.70327767170043
2020-02-29,59.9406941346065
2020-03-01,59.55817132077333
2020-03-02,63.95479340804714
2020-03-03,61.71730588774614
2020-03-04,75.88430541888077
2020-03-05,73.87409795342579
2020-03-06,70.87119842304935
2020-03-07,74.37234866761156
2020-03-08,78.5810127566624
2020-03-09,77.87252508691036
2020-03-10,73.4106237718476
2020-03-11,69.85070405225905
2020-03-12,72.68516659360108
2020-03-13,69.83267456215371
2020-03-14,69.15887941642362
2020-03-15,68.70969566850377
2020-03-16,64.30370660635833
2020-03-17,64.57961284800119
2020-03-18,70.74776729699332
2020-03-19,73.65664912515618
2020-03-20,74.60263359892255
2020-03-21,77.24164668840402
2020-03-22,75.51239485752315
2020-03-23,69.7110991961809
2020-03-24,73.33798063897807
2020-03-25,73.93391452371019
2020-03-26,62.72943199992429
2020-03-27,70.8415339168743
2020-03-28,78.29783469810668
2020-03-29,73.23883616003094
2020-03-30,74.94536122818377
2020-03-31,73.83576380819602
2020-04-01,73.7978057522639
2020-04-02,70.10036118312517
2020-04-03,73.72461158390126
2020-04-04,70.77318739414282
2020-04-05,64.34479391008946
2020-04-06,67.05216813219039
2020-04-07,72.04078051112438
2020-04-08,70.83167160083454
2020-04-09,65.98607778366218
2020-04-10,68.45652745920741
2020-04-11,66.05407176643092
2020-04-12,64.74360846421759
2020-04-13,71.62404079163689
2020-04-14,69.3153782730989
2020-04-15,69.43052696313909
2020-04-16,77.5419562812924
2020-04-17,73.87335576817522
2020-04-18,70.5235075435887
2020-04-19,65.73029572898297
2020-04-20,67.36164231985708
2020-04-21,78.35660270281511
2020-04-22,69.2880033049935
2020-04-23,76.94022120351342
2020-04-24,75.07699369276082
2020-04-25,71.05630494471058
2020-04-26,70.02243527435847
2020-04-27,67.63413127762932
2020-04-28,66.17868600799898
2020-04-29,64.31170562200205
2020-04-30,66.74859019167349
2020-05-01,65.21112696741184
2020-05-02,64.69177781883329
2020-05-03,70.32965267035284
2020-05-04,75.48516552846657
2020-05-05,75.63093879567684
2020-05-06,76.40427180748011
2020-05-07,71.5307421558235
2020-05-08,74.08134064649069
2020-05-09,62.33039161340757
2020-05-10,63.959429255750216
2020-05-11,66.81982191438466
2020-05-12,72.45940662113689
2020-05-13,75.88718146550369
2020-05-14,65.32081026111577
2020-05-15,62.2420446050655
2020-05-16,62.53881292430772
2020-05-17,67.73049588183059
2020-05-18,68.67204655468935
2020-05-19,71.868842519514
2020-05-20,69.44369107221472
2020-05-21,72.45440195854854
2020-05-22,71.22400956410203
2020-05-23,62.704524199395806
2020-05-24,67.01233066164978
2020-05-25,75.17936827990137
2020-05-26,73.09780786090957
2020-05-27,72.22100477005718
2020-05-28,73.24805766612526
2020-05-29,70.21337792412562
2020-05-30,68.66869287537182
2020-05-31,71.11194964004201
2020-06-01,73.96920789449267
2020-06-02,74.92543275149251
2020-06-03,71.70273739969711
2020-06-04,69.00454813073492
2020-06-05,72.6001792267467
2020-06-06,64.43771043870723
2020-06-07,71.00399474446215
2020-06-08,72.36018763123252
2020-06-09,70.30926033841067
2020-06-10,67.08443290625883
2020-06-11,71.03416059148267
2020-06-12,66.57347345961094
2020-06-13,70.974555251506
2020-06-14,72.10217836855192
2020-06-15,63.981988496889585
2020-06-16,66.05749434932643
2020-06-17,73.71335794117208
2020-06-18,74.42818543414049
2020-06-19,71.98127195557608
2020-06-20,67.99655649051579
2020-06-21,70.76912895459328
2020-06-22,66.33572363987574
2020-06-23,68.34406510516177
2020-06-24,66.64875203890443
2020-06-25,65.96131697346789
2020-06-26,69.43151104794437
2020-06-27,67.57652197786727
2020-06-28,73.5362690931257
2020-06-29,73.23970863534097
2020-06-30,77.23192938034212
2020-07-01,76.02005442352097
2020-07-02,77.32256536596972
2020-07-03,74.12670635274456
2020-07-04,73.65086471793285
2020-07-05,72.9166333647972
2020-07-06,71.59361859934168
2020-07-07,75.59736188420862
2020-07-08,70.69887743083295
2020-07-09,73.4908270456158
2020-07-10,73.63844982671336
2020-07-11,69.60951961227535
2020-07-12,67.55558850306443
2020-07-13,69.00014441350962
2020-07-14,69.6468657887573
2020-07-15,70.41582946719818
2020-07-16,69.95273576632823
2020-07-17,71.15306935832729
2020-07-18,77.19629470693766
2020-07-19,73.31235175727245
2020-07-20,73.33118454814891
2020-07-21,72.63234495931904
2020-07-22,79.0760008822481
2020-07-23,73.55217897473015
2020-07-24,75.67350913967672
2020-07-25,63.85089955907088
2020-07-26,72.60173357491821
2020-07-27,75.29596242724824
2020-07-28,78.78753313807589
2020-07-29,79.58528860718096
2020-07-30,73.21663448358606
2020-07-31,72.20864658236674
2020-08-01,73.10224893641517
2020-08-02,66.3806653398283
2020-08-03,73.18629862471084
2020-08-04,73.1976864909212
2020-08-05,72.31027784020016
2020-08-06,70.10429217603564
2020-08-07,74.06649802091805
2020-08-08,78.55156981219277
2020-08-09,77.02980947312435
2020-08-10,75.05076103498509
2020-08-11,78.37442239803617
2020-08-12,77.85031308098982
2020-08-13,75.5757224095448
2020-08-14,77.1857907555706
2020-08-15,76.26160261336688
2020-08-16,72.39100409812346
2020-08-17,72.24174568836403
2020-08-18,74.61795232779416
2020-08-19,74.67441940692501
2020-08-20,83.5286721105482
2020-08-21,77.72428207240291
2020-08-22,72.52847351957566
2020-08-23,75.82311916311309
2020-08-24,81.17080406384909
2020-08-25,77.50756555480376
2020-08-26,75.27282026031561
2020-08-27,74.56449539506569
2020-08-28,75.99192874489152
2020-08-29,74.50151848323678
2020-08-30,74.92518139337558
2020-08-31,73.94432201579099
2020-09-01,74.10179720198747
2020-09-02,76.70145033037633
2020-09-03,74.1736238917611
2020-09-04,75.78171553142083
2020-09-05,78.09703161603915
2020-09-06,76.04700346878792
2020-09-07,76.47831944611997
2020-09-08,77.46450843943916
2020-09-09,74.15645529716804
2020-09-10,76.37917197359461
2020-09-11,74.97851851724005
2020-09-12,74.81401477444308
2020-09-13,78.75465808557038
2020-09-14,83.2678071148755
2020-09-15,80.41994113831925
2020-09-16,79.55193577540624
2020-09-17,78.85502724865495
2020-09-18,74.81552190209177
2020-09-19,77.79071302941907
2020-09-20,74.93040177973091
2020-09-21,75.82916107104052
2020-09-22,73.2144990370631
2020-09-23,72.45859135800455
2020-09-24,71.57359837160537
2020-09-25,67.9777173600699
2020-09-26,70.88808017525871
2020-09-27,69.00973884437828
2020-09-28,69.87682239993603
2020-09-29,77.0333993521863
2020-09-30,68.65676787104329
2020-10-01,66.63982319130199
2020-10-02,68.91661532243315
2020-10-03,71.51381756844755
2020-10-04,74.89750082492758
2020-10-05,78.67890217222376
2020-10-06,74.25122501284476
2020-10-07,75.87149231561054
2020-10-08,74.18114868840115
2020-10-09,80.30510401605737
2020-10-10,77.32020839725531
2020-10-11,79.57835792414394
2020-10-12,77.29189305811391
2020-10-13,76.62647906430355
2020-10-14,75.40297867570028
2020-10-15,73.21316885929315
2020-10-16,74.17355116012762
2020-10-17,73.82753089075635
2020-10-18,77.44349983007385
2020-10-19,71.72185856425577
2020-10-20,77.11840908772305
2020-10-21,77.04744340744085
2020-10-22,85.0862189345621
2020-10-23,79.62036300313814
2020-10-24,76.55825447640004
2020-10-25,71.82896434537867
2020-10-26,66.49896207396775
2020-10-27,73.57191188275962
2020-10-28,75.67390923724945
2020-10-29,75.15845393052139
2020-10-30,78.93815348839294
2020-10-31,81.09362006974473
2020-11-01,82.70584278753749
2020-11-02,70.58777785734914
2020-11-03,70.41322052250898
2020-11-04,65.51166735881951
2020-11-05,67.26546415911443
2020-11-06,65.46253376272676
2020-11-07,66.13136269162835
2020-11-08,70.40216682439721
2020-11-09,73.28852234105088
2020-11-10,69.42063943503842
2020-11-11,72.20072907047029
2020-11-12,72.16833636210542
2020-11-13,74.32202717838884
2020-11-14,74.84939857157684
2020-11-15,77.61800657803789
2020-11-16,77.19781373844265
2020-11-17,78.69240015841673
2020-11-18,73.76056851343796
2020-11-19,79.52602299142012
2020-11-20,79.07947427666119
2020-11-21,66.84234074363997
2020-11-22,63.214692580734976
2020-11-23,67.08606558356982
2020-11-24,68.59653209631509
2020-11-25,72.35526337796003
2020-11-26,74.64427887262653
2020-11-27,62.93724032896013
2020-11-28,66.8400074821701
2020-11-29,77.35523092060784
2020-11-30,77.04356588597521
2020-12-01,70.09137787971216
2020-12-02,70.17896020660939
2020-12-03,72.63699022362196
2020-12-04,68.60729398595856
2020-12-05,72.84489098108891
2020-12-06,70.81281376199216
2020-12-07,69.96707748184036
2020-12-08,66.62525049020604
2020-12-09,63.08583412637263
2020-12-10,70.18114057827192
2020-12-11,69.89209695631024
2020-12-12,73.27361146845845
2020-12-13,71.26132513049863
2020-12-14,72.1446736451081
2020-12-15,76.32196312350833
2020-12-16,73.75948788852232
2020-12-17,72.60596015693473
2020-12-18,79.16624281466297
2020-12-19,75.13232154903754
2020-12-20,72.41700149106971
2020-12-21,70.24606171296624
2020-12-22,77.40512696657115
2020-12-23,74.84770375952766
2020-12-24,74.0609013078074
2020-12-25,68.44357483678318
2020-12-26,69.25199082633873
2020-12-27,71.15365644294279
2020-12-28,67.98697264530425
2020-12-29,62.79084906478679
2020-12-30,65.7826334594847
2020-12-31,61.91283129612633
2021-01-01,63.29765387655544
2021-01-02,65.86600010588312
2021-01-03,69.16836833747536
2021-01-04,66.53257796261256
2021-01-05,64.29136628220527
2021-01-06,67.84044450779415
2021-01-07,66.5015944727528
2021-01-08,74.81746804443128
2021-01-09,73.36119443507694
2021-01-10,73.7450902965261
2021-01-11,72.53529225590451
2021-01-12,74.81542716338183
2021-01-13,75.2187480671553
2021-01-14,70.65824241317851
2021-01-15,70.72596371832192
2021-01-16,68.71070091936929
2021-01-17,72.59909327261819
2021-01-18,65.66179344013945
2021-01-19,66.30986201450814
2021-01-20,69.87087691232335
2021-01-21,71.89893976658121
2021-01-22,63.24968118057645
2021-01-23,67.16378820760133
2021-01-24,72.22792448181157
2021-01-25,72.60159844962608
2021-01-26,63.62911024699812
2021-01-27,63.7554521315652
2021-01-28,65.48207486868228
2021-01-29,68.83466366223699
2021-01-30,65.88633486601896
2021-01-31,66.1035688281882
2021-02-01,67.98253205889584
2021-02-02,70.0683861638075
2021-02-03,67.93854620340467
2021-02-04,68.34918062323499
2021-02-05,73.55275855554878
2021-02-06,72.04970558563708
2021-02-07,72.16785631593234
2021-02-08,76.00052613471773
2021-02-09,80.38563591897528
2021-02-10,75.74870320260212
2021-02-11,78.03540227269418
2021-02-12,76.66142327929319
2021-02-13,74.95750047468277
2021-02-14,69.056846206955
2021-02-15,72.7512951083541
2021-02-16,71.39278023435166
2021-02-17,75.99232769806531
2021-02-18,76.44226789545584
2021-02-19,76.8838930042991
2021-02-20,76.86646363015115
2021-02-21,76.79496713381785
2021-02-22,70.18700105117462
2021-02-23,62.71123720939664
2021-02-24,66.41106350476333
2021-02-25,71.44987722903758
2021-02-26,66.08260147307183
2021-02-27,61.93169109210971
2021-02-28,61.81401991171793
2021-03-01,59.403578990024194
2021-03-02,59.751565148216784
2021-03-03,63.23039364407962
2021-03-04,60.96934181700479
2021-03-05,74.6529237158693
2021-03-06,71.82930129749539
2021-03-07,68.98042983075774
2021-03-08,73.85367747809454
2021-03-09,78.7678804522655
2021-03-10,77.13905112827597
2021-03-11,72.65110150817739
2021-03-12,68.60541042725187
2021-03-13,70.62429693547398
2021-03-14,67.92392140043991
2021-03-15,68.62061142570559
2021-03-16,68.8756951269433
2021-03-17,63.54846578901731
2021-03-18,63.797819684610424
2021-03-19,69.4801043042192
2021-03-20,71.57371720357004
2021-03-21,72.67251994302215
2021-03-22,76.68309321075333
2021-03-23,75.6595258026713
2021-03-24,68.93870863109521
2021-03-25,72.5410103880942
2021-03-26,72.65324676216112
2021-03-27,60.635808258512895
2021-03-28,68.9031198659281
2021-03-29,77.73338718251384
2021-03-30,73.38243118322454
2021-03-31,74.17168354453554
2021-04-01,73.03958861633251
2021-04-02,72.5197965816008
2021-04-03,68.01099556393822
2021-04-04,71.79175366780849
2021-04-05,70.21526376591544
2021-04-06,64.49553103298567
2021-04-07,66.28589181368099
2021-04-08,71.25190760006855
2021-04-09,69.5605177258292
2021-04-10,63.90279244740051
2021-04-11,66.52867539499267
2021-04-12,65.49981655908451
2021-04-13,64.8964566675209
2021-04-14,70.85814675350247
2021-04-15,68.52503974287363
2021-04-16,68.15599519675227
2021-04-17,75.45337191001256
2021-04-18,71.93832933392594
2021-04-19,69.96030074555271
2021-04-20,65.87256170009147
2021-04-21,66.58372527202606
2021-04-22,77.55289188645547
2021-04-23,67.99900635778258
2021-04-24,74.8363566517969
2021-04-25,73.126162889306
2021-04-26,70.47706446103567
2021-04-27,70.1487283261232
2021-04-28,66.84057877933589
2021-04-29,65.36006774352532
2021-04-30,63.0087556739939
2021-05-01,64.63191832538085
2021-05-02,63.24878529207887
2021-05-03,64.10242916970017
2021-05-04,70.44729939501457
2021-05-05,74.68443933830339
2021-05-06,74.80658219096955
2021-05-07,75.09693519865588
2021-05-08,69.41109311448545
2021-05-09,72.11726531955313
2021-05-10,61.7403533666542
2021-05-11,64.07720389943718
2021-05-12,66.01979476118045
2021-05-13,71.63606166687914
2021-05-14,74.58090658256776
2021-05-15,63.201829797462956
2021-05-16,60.27799836930132
2021-05-17,61.94793762716139
2021-05-18,67.84636732627082
2021-05-19,67.86888283644376
2021-05-20,71.04099835200529
2021-05-21,68.13146697947933
2021-05-22,70.32797961717175
2021-05-23,69.25103219981052
2021-05-24,62.103278073163004
2021-05-25,67.11648594199251
2021-05-26,74.36327960717682
2021-05-27,72.25600479972609
2021-05-28,70.8939960108873
2021-05-29,71.10626040651199
2021-05-30,68.22469151172874
2021-05-31,68.05167294632737
2021-06-01,71.36804676401626
2021-06-02,73.13803825677667
2021-06-03,74.06929379599357
2021-06-04,70.3623825183406
2021-06-05,66.85061454426636
2021-06-06,70.60075533786507
2021-06-07,63.81150456815153
2021-06-08,71.08506391202752
2021-06-09,71.52322703208843
2021-06-10,69.44908402459996
2021-06-11,65.74176980887245
2021-06-12,68.87957754114953
2021-06-13,64.57494446144923
2021-06-14,70.35063336403613
2021-06-15,72.18672875301358
2021-06-16,63.14948316044518
2021-06-17,65.20249893766999
2021-06-18,72.37633453884344
2021-06-19,72.27942283541886
2021-06-20,69.98846245553689
2021-06-21,67.3779753332793
2021-06-22,70.85837479315674
2021-06-23,65.50702032520833
2021-06-24,67.49175496660689
2021-06-25,65.31310443819697
2021-06-26,63.812463441818586
2021-06-27,67.43702592893038
2021-06-28,66.95460461629284
2021-06-29,73.6204858598435
2021-06-30,72.40429507516994
2021-07-01,76.37116721691045
2021-07-02,74.67430895927737
2021-07-03,75.16210209555095
2021-07-04,72.11926750988918
2021-07-05,73.01484650148441
2021-07-06,72.98582228363976
2021-07-07,70.7424873914979
2021-07-08,74.72055535729578
2021-07-09,69.33701223307031
2021-07-10,71.31441693827753
2021-07-11,71.61547566907824
2021-07-12,68.95860040565046
2021-07-13,67.61071209941207
2021-07-14,68.13595849138284
2021-07-15,68.75815956898084
2021-07-16,69.0433302772559
2021-07-17,67.76721122555402
2021-07-18,69.12253793375811
2021-07-19,76.53937573273032
2021-07-20,73.36299702942493
2021-07-21,72.46397116544725
2021-07-22,71.74195980866523
2021-07-23,77.70304077841769
2021-07-24,71.36707797739423
2021-07-25,73.64411216370421
2021-07-26,63.19563848665738
2021-07-27,72.65436429864532
2021-07-28,74.43086321795222
2021-07-29,77.89919457553893
2021-07-30,78.21411892982515
2021-07-31,71.03289173671811
2021-08-01,70.18001655258318
2021-08-02,72.44702497036755
2021-08-03,66.43248838743744
2021-08-04,72.31945783497987
2021-08-05,72.30661055753544
2021-08-06,70.93534093773471
2021-08-07,67.91574587643613
2021-08-08,72.0320482124294
2021-08-09,77.88955477640296
2021-08-10,77.0739375382438
2021-08-11,74.17540822919082
2021-08-12,77.47412040997078
2021-08-13,76.46555148866564
2021-08-14,73.3768766941502
2021-08-15,75.14069525142725
2021-08-16,75.58872467697341
2021-08-17,72.42417803563251
2021-08-18,71.35546697708173
2021-08-19,73.70686253734607
2021-08-20,73.27910586404198
2021-08-21,81.31959388847702
2021-08-22,75.66934150065701
2021-08-23,71.8461895205721
2021-08-24,75.84736095733474
2021-08-25,80.2760857605992
2021-08-26,76.58853199584807
2021-08-27,73.8700481040189
2021-08-28,72.34842094982761
2021-08-29,73.93042166247253
2021-08-30,73.81305752355549
2021-08-31,74.94359070115262
2021-09-01,73.21767052206562
2021-09-02,73.17747821482394
2021-09-03,75.29359820396795
2021-09-04,71.95263519227305
2021-09-05,73.71542673091353
2021-09-06,77.40389626054211
2021-09-07,76.06082941144078
2021-09-08,75.57356652653596
2021-09-09,76.53568520557228
2021-09-10,72.74410527580723
2021-09-11,74.15371102827223
2021-09-12,72.90780896145262
2021-09-13,74.11654079826022
2021-09-14,78.7642609589784
2021-09-15,82.35898063293635
2021-09-16,79.48731765155581
2021-09-17,78.13608679778879
2021-09-18,76.62639018492658
2021-09-19,72.74197206489895
2021-09-20,77.09073724206162
2021-09-21,74.93783211030382
2021-09-22,74.91846923340117
2021-09-23,72.28028185783243
2021-09-24,71.04137134078134
2021-09-25,69.34391138043792
2021-09-26,65.90336476716088
2021-09-27,70.18746446984359
2021-09-28,69.0165994097773
2021-09-29,68.96553238419243
2021-09-30,76.09845395769666
2021-10-01,67.2385880060979
2021-10-02,64.40868594561567
2021-10-03,66.84023032935478
2021-10-04,70.81050541709884
2021-10-05,74.90093191473389
2021-10-06,77.763396376309
2021-10-07,73.31124237005918
2021-10-08,74.44743859890272
2021-10-09,71.9433072300412
2021-10-10,78.22121278771905
2021-10-11,76.60863846280219
2021-10-12,79.5728516335853
2021-10-13,76.36686234768463
2021-10-14,75.67649410428956
2021-10-15,73.96857075837522
2021-10-16,70.96475897440983
2021-10-17,72.07902334321646
2021-10-18,73.10540656740699
2021-10-19,77.42767164511821
2021-10-20,70.7868841927005
2021-10-21,76.15899540855956
2021-10-22,75.60424507539791
2021-10-23,82.82976293867698
2021-10-24,77.51861843298101
2021-10-25,75.82980384443493
2021-10-26,71.80773506513489
2021-10-27,65.55951868320199
2021-10-28,72.60893946334326
2021-10-29,74.22801211290775
2021-10-30,72.90008125080408
2021-10-31,76.83517091143153
2021-11-01,80.3644838557972
2021-11-02,82.68433483872042
2021-11-03,69.64830220214544
2021-11-04,69.45029158189226
2021-11-05,64.06571393910254
2021-11-06,65.00676062627669
2021-11-07,63.358777444023026
2021-11-08,65.40085364135408
2021-11-09,70.37854831091785
2021-11-10,72.34608237759822
2021-11-11,68.4538035227381
2021-11-12,70.74986794332722
2021-11-13,69.90370005136073
2021-11-14,72.21132432740119
2021-11-15,74.11097705015908
2021-11-16,77.58559369536013
2021-11-17,76.2458163515525
2021-11-18,77.71533143435727
2021-11-19,72.29897884816324
2021-11-20,77.25036598338856
2021-11-21,76.9576804549415
2021-11-22,66.09299182632009
2021-11-23,63.17175472959957
2021-11-24,66.12418214136576
2021-11-25,67.61050619027067
2021-11-26,70.88585444075572
2021-11-27,72.3621246995258
2021-11-28,60.81042393529496
2021-11-29,66.08722516592118
2021-11-30,77.31052019805348
2021-12-01,75.76291244863407
2021-12-02,69.10692123254313
2021-12-03,68.7126993641042
2021-12-04,70.35958810304179
2021-12-05,66.48665090632865
2021-12-06,72.0994719452269
2021-12-07,70.77638055750457
2021-12-08,69.01398271339882
2021-12-09,65.64992396914117
2021-12-10,61.62858564196932
2021-12-11,67.91209057238666
2021-12-12,67.77875419955285
2021-12-13,72.53405391095409
2021-12-14,71.22894230258215
2021-12-15,71.19347092999487
2021-12-16,75.34605805010918
2021-12-17,72.29892219420366
2021-12-18,70.33063887808402
2021-12-19,77.04351925783106
2021-12-20,74.38018409562198
2021-12-21,72.3688204227107
2021-12-22,69.27589622905109
2021-12-23,76.40722243372944
2021-12-24,73.36230288048792
2021-12-25,71.75818045347545
2021-12-26,66.29122442974737
2021-12-27,68.46839581342367
2021-12-28,71.07263517636295
2021-12-29,66.98307452085824
2021-12-30,61.75884117467412
2021-12-31,64.26330019999072
2022-01-01,61.54932639873455
2022-01-02,64.24630901517946
2022-01-03,68.79435655422489
2022-01-04,65.62065353420546
2022-01-05,62.999194085017315
2022-01-06,66.90454961581125
2022-01-07,64.72556920942667
2022-01-08,73.06770199063216
2022-01-09,71.73872701877433
2022-01-10,73.3669423504777
2022-01-11,71.61787841497843
2022-01-12,73.5164474817693
2022-01-13,74.2747906034631
2022-01-14,68.87298881623265
2022-01-15,68.96591712074468
2022-01-16,67.07703581580759
2022-01-17,72.2089838359316
2022-01-18,64.73182222832929
2022-01-19,64.997907541781
2022-01-20,68.91371193496137
2022-01-21,70.1004324260725
2022-01-22,61.476518424601686
2022-01-23,65.51732128031878
2022-01-24,71.82549304916444
2022-01-25,71.65993541993574
2022-01-26,62.30622585955655
2022-01-27,62.78819454328719
2022-01-28,63.67439829220702
2022-01-29,67.05331528888621
2022-01-30,64.23269923809445
2022-01-31,65.69499154624508
2022-02-01,67.0357248920036
2022-02-02,68.74131212459297
2022-02-03,66.96801649806932
2022-02-04,66.53905564776596
2022-02-05,71.76967235618375
2022-02-06,70.39491354120302
2022-02-07,71.75856254360869
2022-02-08,75.05329258671097
2022-02-09,79.05827162411853
2022-02-10,74.77786545079115
2022-02-11,76.22495034977858
2022-02-12,74.87784987210725
2022-02-13,73.30193165721386
2022-02-14,68.64637224914658
2022-02-15,71.80238252288095
2022-02-16,70.06316343900596
2022-02-17,75.01861203001417
2022-02-18,74.62813598979352
2022-02-19,75.09583381536171
2022-02-20,75.20562373655493
2022-02-21,76.37848073820095
2022-02-22,69.23140057987847
2022-02-23,61.37434293384675
2022-02-24,65.42958398082204
2022-02-25,69.62761264109898
2022-02-26,64.28616924772771
2022-02-27,60.26237351849406
2022-02-28,61.38909028265205
2022-03-01,58.43970827643162
2022-03-02,58.406707736981495
2022-03-03,62.24138404228329
2022-03-04,59.140094511072945
2022-03-05,72.85015564481009
2022-03-06,70.15437676153967
2022-03-07,68.55068442133168
2022-03-08,72.88582309916812
2022-03-09,77.41989000503948
2022-03-10,76.14775478701873
2022-03-11,70.82038678325152
2022-03-12,66.8019454644567
2022-03-13,68.94937684577938
2022-03-14,67.49479416258227
2022-03-15,67.65388537321395
2022-03-16,67.52922651982122
2022-03-17,62.55895831502898
2022-03-18,61.969027994536816
2022-03-19,67.67856093234951
2022-03-20,69.9005825662615
2022-03-21,72.24491185597914
2022-03-22,75.71749783708005
2022-03-23,74.31368843741025
2022-03-24,67.94923608045983
2022-03-25,70.71157697085623
2022-03-26,70.850323219841
2022-03-27,58.96051321630929
2022-03-28,68.47255024930604
2022-03-29,76.76402948179346
2022-03-30,72.03205196869074
2022-03-31,73.17693100339417
2022-04-01,71.20419716814918
2022-04-02,70.71031390291286
2022-04-03,66.3286317217187
2022-04-04,71.35370883623625
2022-04-05,69.23813649827221
2022-04-06,63.13720557804957
2022-04-07,65.28313633800649
2022-04-08,69.40857547445601
2022-04-09,67.74327128940864
2022-04-10,62.21294904733497
2022-04-11,66.08353225975064
2022-04-12,64.51605655448921
2022-04-13,63.53203349234641
2022-04-14,69.84988149328943
2022-04-15,66.67682097497263
2022-04-16,66.33450209884109
2022-04-17,73.75992017518384
2022-04-18,71.49019644941016
2022-04-19,68.97413266635056
2022-04-20,64.50625944193403
2022-04-21,65.57404329648247
2022-04-22,75.703775707055
2022-04-23,66.1770475889269
2022-04-24,73.14277695281248
2022-04-25,72.67814214027241
2022-04-26,69.49115039751914
2022-04-27,68.7827260705249
2022-04-28,65.83115205643338
2022-04-29,63.510943834140136
2022-04-30,61.18645341587487
2022-05-01,62.937598821503336
2022-05-02,62.79958174469112
2022-05-03,63.114857741004855
2022-05-04,69.07914950037656
2022-05-05,73.67237514160979
2022-05-06,72.95434735225346
2022-05-07,73.27108019347236
2022-05-08,67.71282480936488
2022-05-09,71.66377525906918
2022-05-10,60.74822672187507
2022-05-11,62.70430754288767
2022-05-12,65.0028763056849
2022-05-13,69.77895159255134
2022-05-14,72.75024284988591
2022-05-15,61.498904711172266
2022-05-16,59.820084228674176
2022-05-17,60.95169318968319
2022-05-18,66.46972362221922
2022-05-19,66.84864023708879
2022-05-20,69.18102707213507
2022-05-21,66.29843045828359
2022-05-22,68.6231805765052
2022-05-23,68.79173793707692
2022-05-24,61.10612702442747
2022-05-25,65.739374047958
2022-05-26,73.34295836682593
2022-05-27,70.39628316191555
2022-05-28,69.06146550592075
2022-05-29,69.4021432644906
2022-05-30,67.76616826400206
2022-05-31,67.05529147787185
2022-06-01,69.99161127673742
2022-06-02,72.11820995318509
2022-06-03,72.20979535764513
2022-06-04,68.52972570682365
2022-06-05,65.14595060113733
2022-06-06,70.14120461516104
2022-06-07,62.81356730033298
2022-06-08,69.70651054155167
2022-06-09,70.5006998607464
2022-06-10,67.5863022392937
2022-06-11,63.90525719603538
2022-06-12,67.1705125651093
2022-06-13,64.1104891497262
2022-06-14,69.34734293375226
2022-06-15,70.80244042520857
2022-06-16,62.12091597913127
2022-06-17,63.333456695974974
2022-06-18,70.53343118700933
2022-06-19,70.563930112215
2022-06-20,69.51763625559235
2022-06-21,66.3684628155674
2022-06-22,69.46810074780397
2022-06-23,64.4727846832892
2022-06-24,65.6174336183887
2022-06-25,63.465372791735305
2022-06-26,62.0926425123956
2022-06-27,66.96240751182867
2022-06-28,65.94185757773201
2022-06-29,72.22754208198508
2022-06-30,71.36794694714428
2022-07-01,74.49538426533033
2022-07-02,72.82573131659998
2022-07-03,73.44200313228606
2022-07-04,71.64488045015997
2022-07-05,72.00277243402472
2022-07-06,71.59391805249237
2022-07-07,69.707465201032
2022-07-08,72.84618619159244
2022-07-09,67.48985244275619
2022-07-10,69.59565769562644
2022-07-11,71.1422717459058
2022-07-12,67.94748020560105
2022-07-13,66.21946737498047
2022-07-14,67.101245532895
2022-07-15,66.88370392579054
2022-07-16,67.1956543332847
2022-07-17,66.04748430837812
2022-07-18,68.64790540028856
2022-07-19,75.52636896152792
2022-07-20,71.96942275856162
2022-07-21,71.42651198121008
2022-07-22,69.86437787228769
2022-07-23,75.85190414779923
2022-07-24,69.64360924464778
2022-07-25,73.16551589850113
2022-07-26,62.17850946635679
2022-07-27,71.2565750173033
2022-07-28,73.38916253346426
2022-07-29,76.01740963511303
2022-07-30,76.35887978133337
2022-07-31,69.30547839344511
2022-08-01,69.69768504272977
2022-08-02,71.42641438744226
2022-08-03,65.0315074614185
2022-08-04,71.2748829033681
2022-08-05,70.42228708802395
2022-08-06,69.07790801300077
2022-08-07,66.18648340312133
2022-08-08,71.54820337217768
2022-08-09,76.86774971409638
2022-08-10,75.67205677976001
2022-08-11,73.13019767453052
2022-08-12,75.58939001587966
2022-08-13,74.60790101036528
2022-08-14,71.64754420568559
2022-08-15,74.65688491940308
2022-08-16,74.56701574079298
2022-08-17,71.02241344678394
2022-08-18,70.31035350706277
2022-08-19,71.82217443668745
2022-08-20,71.42141141595997
2022-08-21,79.59010455672117
2022-08-22,75.18524013326021
2022-08-23,70.82403955648834
2022-08-24,74.44499508952576
2022-08-25,79.23020587302541
2022-08-26,74.70291247113362
2022-08-27,72.0112618657446
2022-08-28,70.61768796393251
2022-08-29,73.4449363890093
2022-08-30,72.78939729807735
2022-08-31,73.53960353337206
2022-09-01,72.17007416400786
2022-09-02,71.29006262937708
2022-09-03,73.43295082981078
2022-09-04,70.21998875932628
2022-09-05,73.22798614274343
2022-09-06,76.37824654357149
2022-09-07,74.65482323371852
2022-09-08,74.52392314737259
2022-09-09,74.6462846446205
2022-09-10,70.88153048294768
2022-09-11,72.41918770283016
2022-09-12,72.41853292736738
2022-09-13,73.08908656075414
2022-09-14,77.35646992032376
2022-09-15,81.3075607997854
2022-09-16,77.59604693626297
2022-09-17,76.27153927347842
2022-09-18,74.88978500581362
2022-09-19,72.2505015208324
2022-09-20,76.06097589660111
2022-09-21,73.52762547326836
2022-09-22,73.86453377811482
2022-09-23,70.38640846814646
2022-09-24,69.17415153623111
2022-09-25,67.6045860257894
2022-09-26,65.40915173668661
2022-09-27,69.15496722358026
2022-09-28,67.60369494711217
2022-09-29,67.90897040540989
2022-09-30,74.20205934451319
2022-10-01,65.36898600000544
2022-10-02,62.667149764566844
2022-10-03,66.34400772984162
2022-10-04,69.77622619706125
2022-10-05,73.48649486083862
2022-10-06,76.70556752319774
2022-10-07,71.41385671708838
2022-10-08,72.57712469391612
2022-10-09,70.20133438661634
2022-10-10,77.72481746294676
2022-10-11,75.57443180450181
2022-10-12,78.15870670660996
2022-10-13,75.30951290553719
2022-10-14,73.77973704231135
2022-10-15,72.09899164132284
2022-10-16,69.223580380716
2022-10-17,71.58343252238386
2022-10-18,72.07196438285199
2022-10-19,76.01420127096354
2022-10-20,69.73007138590523
2022-10-21,74.26259244576858
2022-10-22,73.73479769964837
2022-10-23,81.08846001145622
2022-10-24,77.02262074356013
2022-10-25,74.79565400810642
2022-10-26,70.39324694329035
2022-10-27,64.50137811758528
2022-10-28,70.71090839226399
2022-10-29,72.35665540134138
2022-10-30,71.15661592565243
2022-10-31,76.33679425899268
2022-11-01,79.32778232753988
2022-11-02,81.26717222203544
2022-11-03,68.58741888067873
2022-11-04,67.54950699349313
2022-11-05,62.19165161012618
2022-11-06,63.260695526185145
2022-11-07,62.85796217368138
2022-11-08,64.36192546000375
2022-11-09,68.95941551792235
2022-11-10,71.28352193185017
2022-11-11,66.55166206297203
2022-11-12,68.87478563867798
2022-11-13,68.15695706996307
2022-11-14,71.71016647273123
2022-11-15,73.07202259695202
2022-11-16,76.16671995792028
2022-11-17,75.18375787307652
2022-11-18,75.81394537376548
2022-11-19,70.42484330619487
2022-11-20,75.50469152406353
2022-11-21,76.45763767402187
2022-11-22,65.05512036279883
2022-11-23,61.75385219536849
2022-11-24,65.06290479292068
2022-11-25,65.70957342985264
2022-11-26,69.01177648554098
2022-11-27,70.6160531032967
2022-11-28,60.30948139893216
2022-11-29,65.0479165485935
2022-11-30,75.89062313825043
2022-12-01,74.69907936029014
2022-12-02,67.20288471388108
2022-12-03,66.83500031879153
2022-12-04,68.60942623104344
2022-12-05,65.98121398684417
2022-12-06,71.05534582333644
2022-12-07,69.35143825752836
2022-12-08,67.94498447196227
2022-12-09,63.74072026687263
2022-12-10,59.74584258725071
2022-12-11,66.1571373597533
2022-12-12,67.26890914005136
2022-12-13,71.48603102881756
2022-12-14,69.80073700976511
2022-12-15,70.12195666323413
2022-12-16,73.43518604215596
2022-12-17,70.41544382352016
2022-12-18,68.57595040629582
2022-12-19,76.53498553219934
2022-12-20,73.33454328185458
2022-12-21,70.94406833941424
2022-12-22,68.20888221538999
2022-12-23,74.50184895428866
2022-12-24,71.4852483285132
2022-12-25,70.01074496233575
2022-12-26,65.79065525394805
2022-12-27,67.43129431220467
2022-12-28,69.65684392322679
2022-12-29,65.92527640797421
2022-12-30,59.86276264048362
2022-12-31,62.395437954199444
2023-01-01,59.81079735850533
2023-01-02,63.75417991129571
2023-01-03,67.76505513367601
2023-01-04,64.21185977496077
2023-01-05,61.947443186077955
2023-01-06,65.0134387895999
2023-01-07,62.86148755683595
2023-01-08,71.3316830886017
2023-01-09,71.24778060748896
2023-01-10,72.33746698919684
2023-01-11,70.2075534808189
2023-01-12,72.46183625015257
2023-01-13,72.37954643065802
2023-01-14,67.00358371684953
2023-01-15,67.22349239867927
2023-01-16,66.57873118354136
2023-01-17,71.17134695430572
2023-01-18,63.312697118845605
2023-01-19,63.9340337005319
2023-01-20,67.00892626936547
2023-01-21,68.22139341464033
2023-01-22,59.72455227220216
2023-01-23,65.00974661768626
2023-01-24,70.77902622224003
2023-01-25,70.23257492997108
2023-01-26,61.234847884865296
2023-01-27,60.87678646503887
2023-01-28,61.78971086864836
2023-01-29,65.2967415632823
2023-01-30,63.7215979486771
2023-01-31,64.64609182104857
2023-02-01,65.60701080203265
2023-02-02,67.66961901985404
2023-02-03,65.05723131448123
2023-02-04,64.65584062177841
2023-02-05,70.01531192489483
2023-02-06,69.88664095061965
2023-02-07,70.71296815394847
2023-02-08,73.62821234989003
2023-02-09,77.99038755167575
2023-02-10,72.87091014892034
2023-02-11,74.34543494475048
2023-02-12,73.12691499138944
2023-02-13,72.79667788041654
2023-02-14,67.6032719161188
2023-02-15,70.37917128222622
2023-02-16,68.99644327552184
2023-02-17,73.11205778217382
2023-02-18,72.74822463109828
2023-02-19,73.34369613255444
2023-02-20,74.69837480468757
2023-02-21,75.33263108405878
2023-02-22,67.80474643944444
2023-02-23,60.303567382157716
2023-02-24,63.518461001604884
2023-02-25,67.7427334808574
2023-02-26,62.528790770950906
2023-02-27,59.74974505784966
2023-02-28,60.33786097733046
2023-03-01,57.00781341084607
2023-03-02,57.33096596655588
2023-03-03,60.32569768108412
2023-03-04,57.25117232922412
2023-03-05,71.08935798881774
2023-03-06,69.63903957833669
2023-03-07,67.49752425434762
2023-03-08,71.45282162987628
2023-03-09,76.3438900725905
2023-03-10,74.23266008988432
2023-03-11,68.93288472273004
2023-03-12,65.04335293741006
2023-03-13,68.43696554451103
2023-03-14,66.44519741056098
2023-03-15,66.22498501526236
2023-03-16,66.45775173080035
2023-03-17,60.648688450613975
2023-03-18,60.086518854229716
2023-03-19,65.9249941455436
2023-03-20,69.39309455859379
2023-03-21,71.20000432275233
2023-03-22,74.29292814197623
2023-03-23,73.24607170458069
2023-03-24,66.04225101451357
2023-03-25,68.83169469566256
2023-03-26,69.09865877868636
2023-03-27,58.45415613639815
2023-03-28,67.42797605774314
2023-03-29,75.33899056748001
2023-03-30,70.9631795508669
2023-03-31,71.2679402505166
2023-04-01,69.3216147829689
2023-04-02,68.95532785711606
2023-04-03,65.81841959733717
2023-04-04,70.30484672780796
2023-04-05,67.80848694736908
2023-04-06,62.06351638613346
2023-04-07,63.36924239409986
2023-04-08,67.52112299990354
2023-04-09,65.98356428853701
2023-04-10,61.69827450560782
2023-04-11,65.03056613225331
2023-04-12,63.08274909597242
2023-04-13,62.45520584481672
2023-04-14,67.93342572438287
2023-04-15,64.78742302241699
2023-04-16,64.5734874299694
2023-04-17,73.2445787269406
2023-04-18,70.43718889086078
2023-04-19,67.54137652077296
2023-04-20,63.430526955600925
2023-04-21,63.65916320484063
2023-04-22,73.81635829860835
2023-04-23,64.41833281015741
2023-04-24,72.62996204513814
2023-04-25,71.62779077019361
2023-04-26,68.0610817319411
2023-04-27,67.70961559770453
2023-04-28,63.91873621738727
2023-04-29,61.62574778233136
2023-04-30,59.42964157164761
2023-05-01,62.426304643316456
2023-05-02,61.750318619045075
2023-05-03,61.68540939527274
2023-05-04,68.00617170388213
2023-05-05,71.75960073827292
2023-05-06,71.06831393527963
2023-05-07,71.51298009538962
2023-05-08,67.19983385028235
2023-05-09,70.61246218898359
2023-05-10,59.316441807418315
2023-05-11,61.62878212060687
2023-05-12,63.0874254110072
2023-05-13,67.89019904763401
2023-05-14,70.9894685612745
2023-05-15,60.98337070025584
2023-05-16,58.7664414111247
2023-05-17,59.51786743238842
2023-05-18,65.39251297368038
2023-05-19,64.93191550760918
2023-05-20,67.29145520593943
2023-05-21,64.53732049719937
2023-05-22,68.10780877561561
2023-05-23,67.73875407339611
2023-05-24,59.673440438987384
2023-05-25,64.6637513157855
2023-05-26,71.42822475645099
2023-05-27,68.50904729914022
2023-05-28,67.30296700232277
2023-05-29,68.88957982120336
2023-05-30,66.71610423296039
2023-05-31,65.62554635464507
2023-06-01,68.91885994781481
2023-06-02,70.2061867843211
2023-06-03,70.3250214626304
2023-06-04,66.77335908141384
2023-06-05,64.63511556166674
2023-06-06,69.0924024576717
2023-06-07,61.38456659521637
2023-06-08,68.6339488363391
2023-06-09,68.58828883780048
2023-06-10,65.70055563846277
2023-06-11,62.147341171216226
2023-06-12,66.65757490947595
2023-06-13,63.059069313809346
2023-06-14,67.91526127182104
2023-06-15,69.72639847439913
2023-06-16,60.20469986046801
2023-06-17,61.44366299869659
2023-06-18,68.77131506443362
2023-06-19,70.04673208871245
2023-06-20,68.46198973782758
2023-06-21,64.93228081428647
2023-06-22,68.38817368536589
2023-06-23,62.552981444675275
2023-06-24,63.72442527175969
2023-06-25,61.700478765297106
2023-06-26,61.573155778432316
2023-06-27,65.90500081332475
2023-06-28,64.50446923616785
2023-06-29,71.14697328299518
2023-06-30,69.44806267195258
2023-07-01,72.60283729270031
2023-07-02,71.06180906947006
2023-07-03,72.92395389651443
2023-07-04,70.5893209673601
2023-07-05,70.56757536469242
2023-07-06,70.51581115612258
2023-07-07,67.79023434509911
2023-07-08,70.95640155365639
2023-07-09,65.72871761681954
2023-07-10,69.08033816639593
2023-07-11,70.08930467018844
2023-07-12,66.51466393723905
2023-07-13,65.14346252478423
2023-07-14,65.18577962619527
2023-07-15,64.99529898018265
2023-07-16,65.43547703433963
2023-07-17,65.53267522307839
2023-07-18,67.59498915326462
2023-07-19,74.09314380656774
2023-07-20,70.89256134283907
2023-07-21,69.50976538065004
2023-07-22,67.97430224540467
2023-07-23,74.0897097187937
2023-07-24,69.12648809548098
2023-07-25,72.11005054088679
2023-07-26,60.74256067608831
2023-07-27,70.17688078126017
2023-07-28,71.46954024155177
2023-07-29,74.12448091790579
2023-07-30,74.5939177555335
2023-07-31,68.78573384264574
2023-08-01,68.63979354727817
2023-08-02,69.98828292260455
2023-08-03,63.949912343870906
2023-08-04,69.3536712402043
2023-08-05,68.52810114265789
2023-08-06,67.31203225519268
2023-08-07,65.66617076723777
2023-08-08,70.49008272593782
2023-08-09,75.42971303787202
2023-08-10,74.59085791035825
2023-08-11,71.20965473560017
2023-08-12,73.69611091342246
2023-08-13,72.84313171921893
2023-08-14,71.1284963295568
2023-08-15,73.60014448350582
2023-08-16,73.13043167465281
2023-08-17,69.94269757073852
2023-08-18,68.39128410750203
2023-08-19,69.93032277484578
2023-08-20,69.65799086975244
2023-08-21,79.07229885589746
2023-08-22,74.12961263226173
2023-08-23,69.3884219947451
2023-08-24,73.36608765193006
2023-08-25,77.3117806418238
2023-08-26,72.81153962689027
2023-08-27,70.24815835543424
2023-08-28,70.10004512089176
2023-08-29,72.38932847727236
2023-08-30,71.3536694625774
2023-08-31,72.46047100253332
2023-09-01,70.25132483066513
2023-09-02,69.39828240196799
2023-09-03,71.66937150497058
2023-09-04,69.70181493043283
2023-09-05,72.17180314358343
2023-09-06,74.9419079304476
2023-09-07,73.5750496689866
2023-09-08,72.60450482098048
2023-09-09,72.75380663000662
2023-09-10,69.1172207764541
2023-09-11,71.9002444530297
2023-09-12,71.36153283937448
2023-09-13,71.6518729593224
2023-09-14,76.27575231056159
2023-09-15,79.38711803408407
2023-09-16,75.70245335298692
2023-09-17,74.50601352410935
2023-09-18,74.36951804398468
2023-09-19,71.19206570597481
2023-09-20,74.62221366554843
2023-09-21,72.44524939122644
2023-09-22,71.94233005401948
2023-09-23,68.49096328142537
2023-09-24,67.40669987868931
2023-09-25,67.08233952520894
2023-09-26,64.34870741458916
2023-09-27,67.71419564680882
2023-09-28,66.5193395974161
2023-09-29,65.9848503710814
2023-09-30,72.30479470564795
2023-10-01,63.59984564059185
2023-10-02,62.14337811134202
2023-10-03,65.28223240666973
2023-10-04,68.33434509235148
2023-10-05,72.40127447051128
2023-10-06,74.78084471067508
2023-10-07,69.51626329709157
2023-10-08,70.80793460503945
2023-10-09,69.67778997983584
2023-10-10,76.66353691639823
2023-10-11,74.13329617716231
2023-10-12,77.07445850147022
2023-10-13,73.3859582841622
2023-10-14,71.88347109035801
2023-10-15,70.33124643505626
2023-10-16,68.70155235937715
2023-10-17,70.52369114761098
2023-10-18,70.63234056272498
2023-10-19,74.93138737900192
2023-10-20,67.80782497340475
2023-10-21,72.36746299882178
2023-10-22,71.96797614578996
2023-10-23,80.56710743194317
2023-10-24,75.96327822769982
2023-10-25,73.3561320853715
2023-10-26,69.31022638663198
2023-10-27,62.578614185112095
2023-10-28,68.81495783671093
2023-10-29,70.58872593444669
2023-10-30,70.63389458857824
2023-10-31,75.2758566375539
2023-11-01,77.8864810601513
2023-11-02,80.1822366152011
2023-11-03,66.66265772942046
2023-11-04,65.65153397443457
2023-11-05,60.42173297981567
2023-11-06,62.7360766268904
2023-11-07,61.79527474109817
2023-11-08,62.91907423922291
2023-11-09,67.87317606193335
2023-11-10,69.3577417386995
2023-11-11,64.65298447549308
2023-11-12,67.10449629107637
2023-11-13,67.63230942951304
2023-11-14,70.64778850909951
2023-11-15,71.6298031149123
2023-11-16,75.08140648705742
2023-11-17,73.25915827908253
2023-11-18,73.91665261243512
2023-11-19,68.65608309000548
2023-11-20,74.98164942379486
2023-11-21,75.39686765133331
2023-11-22,63.61443322273069
2023-11-23,60.669915796779314
2023-11-24,63.13944811831028
2023-11-25,63.81311386675775
2023-11-26,67.24347001655896
2023-11-27,70.09302385248603
2023-11-28,59.24823245611856
2023-11-29,63.60622048853216
2023-11-30,74.80512400535875
2023-12-01,72.77349815966065
2023-12-02,65.3037477086497
2023-12-03,65.06348978909209
2023-12-04,68.08271011213031
2023-12-05,64.91585629057555
2023-12-06,69.60919625631254
2023-12-07,68.26123281685824
2023-12-08,66.01454908370667
2023-12-09,61.83669680522336
2023-12-10,57.969536980452716
2023-12-11,65.62584626284668
2023-12-12,66.1993271513186
2023-12-13,70.03613694421679
2023-12-14,68.70739098353557
2023-12-15,68.18910043095737
2023-12-16,71.52956563694278
2023-12-17,68.63845458293814
2023-12-18,68.04496083809174
2023-12-19,75.46674209756195
2023-12-20,71.88705466388205
2023-12-21,69.85420112778675
2023-12-22,66.28056021372278
2023-12-23,72.6017755769951
2023-12-24,69.71475190559924
2023-12-25,69.48710352486228
2023-12-26,64.73050284709596
2023-12-27,65.99250737538192
2023-12-28,68.57613962404231
2023-12-29,64.00641507754851
2023-12-30,57.97227370429985
2023-12-31,60.63446909257684
2024-01-01,59.29644337547716
2024-01-02,62.70289325756986
2024-01-03,66.33453651739033
2024-01-04,63.13866063936533
2024-01-05,60.03517209512211
2024-01-06,63.12849101290349
2024-01-07,61.1048974922215
2024-01-08,70.82045591424428
2024-01-09,70.1983050344806
2024-01-10,70.90740748701722
2024-01-11,69.13345370932277
2024-01-12,70.54732571024223
2024-01-13,70.49106961442683
2024-01-14,65.2422514017669
2024-01-15,66.70641150436882
2024-01-16,65.52241510399168
2024-01-17,69.7336047975539
2024-01-18,62.230233662080195
2024-01-19,62.01065216018989
2024-01-20,65.11125326507326
2024-01-21,66.45072587880522
2024-01-22,59.19818283463817
2024-01-23,63.944369493307214
2024-01-24,69.3326221475198
2024-01-25,69.14200706644009
2024-01-26,59.30406089298478
2024-01-27,58.97252822173913
2024-01-28,60.013376662993636
2024-01-29,64.76569736817515
2024-01-30,62.65258484934174
2024-01-31,63.197110181333585
2024-02-01,64.51491610392648
2024-02-02,65.7383215779472
2024-02-03,63.1534193184364
2024-02-04,62.880826302877225
2024-02-05,69.4863573892348
2024-02-06,68.82036568872321
2024-02-07,69.26723672333829
2024-02-08,72.53973407014291
2024-02-09,76.06292030920237
2024-02-10,70.97098765408371
2024-02-11,72.57421712420701
2024-02-12,72.60151794510699
2024-02-13,71.73358530338925
2024-02-14,66.1602263777499
2024-02-15,69.29277710835086
2024-02-16,67.07037304728594
2024-02-17,71.21278172518544
2024-02-18,70.97686252403156
2024-02-19,72.81734812801929
2024-02-20,73.6335330436314
2024-02-21,73.88707049628835
2024-02-22,66.7151264930984
2024-02-23,58.37363683200528
2024-02-24,61.61478496178875
2024-02-25,65.96654251873028
2024-02-26,61.99730849540608
2024-02-27,58.67959617504957
2024-02-28,58.88695830636368
2024-02-29,55.93538190770599
2024-03-01,55.396038834546516
2024-03-02,58.41739670114873
2024-03-03,55.470848611415036
2024-03-04,70.55434241674618
2024-03-05,68.56604792902036
2024-03-06,66.04454174429277
2024-03-07,70.35669882072648
2024-03-08,74.40854234420068
2024-03-09,72.3247901478459
2024-03-10,67.15382795773267
2024-03-11,64.51040220704135
2024-03-12,67.36677742113022
2024-03-13,64.99567843066797
2024-03-14,65.1328898124597
2024-03-15,64.52688519492914
2024-03-16,58.74563130246652
2024-03-17,58.31247636566401
2024-03-18,65.39712448046923
2024-03-19,68.32791867861732
2024-03-20,69.75529589091984
2024-03-21,73.20531520579547
2024-03-22,71.31924220349131
2024-03-23,64.14268141033841
2024-03-24,67.0605013735099
2024-03-25,68.57292862319713
2024-03-26,57.39035816885115
2024-03-27,65.98385252411381
2024-03-28,74.25115923083315
2024-03-29,69.03533922174414
2024-03-30,69.36659885880965
2024-03-31,67.54793966024378
2024-04-01,68.42647467062955
2024-04-02,64.75094187261088
2024-04-03,68.8565844136966
2024-04-04,66.71616585173734
2024-04-05,60.13095059930708
2024-04-06,61.46305909327139
2024-04-07,65.74260939689603
2024-04-08,65.44999325650936
2024-04-09,60.626310914363444
2024-04-10,63.5781524344403
2024-04-11,61.98670207400461
2024-04-12,60.51941670827246
2024-04-13,66.02458301273158
2024-04-14,63.00685812437911
2024-04-15,64.03849929013973
2024-04-16,72.17183978945017
2024-04-17,68.98463082731594
2024-04-18,66.4457876418381
2024-04-19,61.49575347080175
2024-04-20,61.75183374611765
2024-04-21,72.037731466987
2024-04-22,63.885624252927265
2024-04-23,71.55975304096374
2024-04-24,70.17791678987452
2024-04-25,66.96823278993025
2024-04-26,65.7775404724639
2024-04-27,62.013969869814694
2024-04-28,59.84946164804723
2024-04-29,58.898973156083265
2024-04-30,61.35776832586576
2024-05-01,60.30169607217557
2024-05-02,60.59335138293342
2024-05-03,66.07440329888782
2024-05-04,69.85464926294895
2024-05-05,69.29135929020941
2024-05-06,70.98118390855159
2024-05-07,66.12974937017144
2024-05-08,69.16192335841092
2024-05-09,58.222163325493625
2024-05-10,59.69456258692603
2024-05-11,61.179872919990245
2024-05-12,66.1105789690936
2024-05-13,70.45503001611573
2024-05-14,59.91075373459657
2024-05-15,57.31356338600578
2024-05-16,58.42152051559888
2024-05-17,63.45656490269289
2024-05-18,63.02303306076499
2024-05-19,65.51095017901667
2024-05-20,64.00247474574842
2024-05-21,67.03528036662121
2024-05-22,66.28646309160679
2024-05-23,58.57816634951981
2024-05-24,62.72933405391209
2024-05-25,69.52128897023873
2024-05-26,66.73084951783643
2024-05-27,66.7707222544744
2024-05-28,67.819869698841
2024-05-29,65.26676489032863
2024-05-30,64.53326827854985
2024-05-31,66.81988610000899
2024-06-01,68.30206146748574
2024-06-02,68.54940710632303
2024-06-03,66.24338739756445
2024-06-04,63.56729249274578
2024-06-05,67.64449833838553
2024-06-06,60.29321780376344
2024-06-07,66.70286298304734
2024-06-08,66.68397279987794
2024-06-09,63.92416610623063
2024-06-10,61.61601413474943
2024-06-11,65.58783600204956
2024-06-12,61.608723438037444
2024-06-13,66.82099330187978
2024-06-14,67.7919771112829
2024-06-15,58.2967039888053
2024-06-16,59.663330259844784
2024-06-17,68.23586913208345
2024-06-18,68.97279062714993
2024-06-19,67.00745153676657
2024-06-20,63.833923964270646
2024-06-21,66.44985694162557
2024-06-22,60.641368197309745
2024-06-23,61.94082990271294
2024-06-24,61.16219193866752
2024-06-25,60.49685069744192
2024-06-26,64.44861898251447
2024-06-27,63.404817627713506
2024-06-28,69.20792507925883
2024-06-29,67.53628101518773
2024-06-30,70.81962182391477
2024-07-01,70.52442179321517
2024-07-02,71.84902638407974
2024-07-03,69.1347414059581
2024-07-04,69.4700873112273
2024-07-05,68.57921611948184
2024-07-06,65.88111757314812
2024-07-07,69.17598074744181
2024-07-08,65.19417104618965
2024-07-09,68.00821413569356
2024-07-10,68.63741077849443
2024-07-11,65.41966793103964
2024-07-12,63.2090968104189
2024-07-13,63.278568767485545
2024-07-14,63.2164098599612
2024-07-15,64.90204811862301
2024-07-16,64.4612268501943
2024-07-17,66.14331327578648
2024-07-18,72.99790497743753
2024-07-19,68.95750101658703
2024-07-20,67.60142886846984
2024-07-21,66.19388802540865
2024-07-22,73.55439757125211
2024-07-23,68.05284802369985
2024-07-24,70.65593095003972
2024-07-25,59.64468765054872
2024-07-26,68.23906058356262
2024-07-27,69.55838442552218
2024-07-28,72.34125381101745
2024-07-29,74.0558628322159
2024-07-30,67.70948099803566
2024-07-31,67.18324578793477
2024-08-01,68.88821435310074
2024-08-02,62.01016960395681
2024-08-03,67.44089780901818
2024-08-04,66.74358428072524
2024-08-05,66.77302911320064
2024-08-06,64.5893156698276
2024-08-07,69.0332741374837
2024-08-08,74.3297120718047
2024-08-09,72.65149051238247
2024-08-10,69.29753692690198
2024-08-11,71.9124968282068
2024-08-12,72.30524092738474
2024-08-13,70.05292241004472
2024-08-14,72.14474331242333
2024-08-15,72.03192124712675
2024-08-16,68.00486144566544
2024-08-17,66.48069782297193
2024-08-18,68.14820293534271
2024-08-19,69.12152336565941
2024-08-20,77.99804815862291
2024-08-21,72.67541061234598
2024-08-22,68.29096807221478
2024-08-23,71.42915236559818
2024-08-24,75.40193198974292
2024-08-25,71.02999189025506
2024-08-26,69.71209988384669
2024-08-27,69.02604704510523
2024-08-28,70.93523282424523
2024-08-29,70.25618851300469
2024-08-30,70.52339001098778
2024-08-31,68.16762529508767
2024-09-01,67.61639882938908
2024-09-02,71.13290518468493
2024-09-03,68.62735071167997
2024-09-04,70.71719472003122
2024-09-05,73.84387669471968
2024-09-06,71.63738707524227
2024-09-07,70.69379765446777
2024-09-08,70.97128493637416
2024-09-09,68.58008496177123
2024-09-10,70.82507354484402
2024-09-11,69.90617239849507
2024-09-12,70.55303448735667
2024-09-13,74.33721626812283
2024-09-14,77.47545984146583
2024-09-15,73.91889209591555
2024-09-16,73.96773984336376
2024-09-17,73.29310316623025
2024-09-18,69.73535007292222
2024-09-19,73.52190697543335
2024-09-20,70.50513413918691
2024-09-21,70.02898791861062
2024-09-22,66.70562405999486
2024-09-23,66.8665694359299
2024-09-24,66.00400870391319
2024-09-25,62.8900403636941
2024-09-26,66.6119293854278
2024-09-27,64.5772869126358
2024-09-28,64.06962541424451
2024-09-29,70.51766101307875
2024-09-30,63.05804307142966
2024-10-01,61.06353068399316
2024-10-02,63.82223552461497
2024-10-03,67.23096401560034
2024-10-04,70.458346168847
2024-10-05,72.86500250112158
2024-10-06,67.72878402750776
2024-10-07,70.2660649091986
2024-10-08,68.59815361398036
2024-10-09,75.20402169106261
2024-10-10,73.03065235741941
2024-10-11,75.13250082151518
2024-10-12,71.4712909811547
2024-10-13,70.09733571405215
2024-10-14,69.79084894557008
2024-10-15,67.62347150259725
2024-10-16,69.06576659455737
2024-10-17,69.5312726522924
2024-10-18,72.99094057102059
2024-10-19,65.89455437332549
2024-10-20,70.58256366620702
2024-10-21,71.42861164900529
2024-10-22,79.4898195927723
2024-10-23,74.50587649593632
2024-10-24,72.255294340018
2024-10-25,67.36970323237256
2024-10-26,60.664956073303244
2024-10-27,67.02936469597944
2024-10-28,70.04837575827422
2024-10-29,69.55535291316411
2024-10-30,73.81696535084943
2024-10-31,76.78395834850102
2024-11-01,78.23988013539969
2024-11-02,64.74707036353769
2024-11-03,63.86397188881553
2024-11-04,59.879432479418526
2024-11-05,61.655661788071065
2024-11-06,60.33464431849136
2024-11-07,61.814999710933634
2024-11-08,65.92950296030821
2024-11-09,67.44111368303537
2024-11-10,62.8646896851442
2024-11-11,66.56179312311885
2024-11-12,66.55183297162188
2024-11-13,69.1874367634684
2024-11-14,70.52633466920976
2024-11-15,73.13864184153952
2024-11-16,71.34370425753512
2024-11-17,72.12974963539735
2024-11-18,68.11493184298338
2024-11-19,73.90281892810467
2024-11-20,73.93818323943677
2024-11-21,62.512576269748216
2024-11-22,58.728627323740874
2024-11-23,61.225255633449365
2024-11-24,62.027181155621605
2024-11-25,66.70292634162031
2024-11-26,69.01437449546782
2024-11-27,57.78924903018718
2024-11-28,62.503542799275834
2024-11-29,72.86246550741173
2024-11-30,71.17605583270478
2024-12-01,63.515326889172776
2024-12-02,64.51992317397935
2024-12-03,67.00054243415805
2024-12-04,63.45291587230701
2024-12-05,68.50219609419476
2024-12-06,66.31397476910936
2024-12-07,64.09365048663842
2024-12-08,60.04343920891489
2024-12-09,57.42119346760579
2024-12-10,64.5390893105362
2024-12-11,64.73211551247906
2024-12-12,68.92531339969969
2024-12-13,66.75688310429433
2024-12-14,66.26564376534658
2024-12-15,69.73454910665164
2024-12-16,68.08924464340359
2024-12-17,66.95830645228892
2024-12-18,74.00065908358933
2024-12-19,70.77842134292715
2024-12-20,67.90695747762967
2024-12-21,64.36142999630967
2024-12-22,70.81211126338813
2024-12-23,69.17185897887667
2024-12-24,68.40764621864372
2024-12-25,63.27238987243409
2024-12-26,64.8924895384189
2024-12-27,66.63801149938648
2024-12-28,62.096740150448895
2024-12-29,56.192232735547
2024-12-30,60.10118820514712
2024-12-31,56.25397588586798
