fecha,tmax
2019-01-01,17.52327763597906
2019-01-02,17.392530184205075
2019-01-03,16.883584562638816
2019-01-04,17.8607669815445
2019-01-05,16.334028444057026
2019-01-06,16.462057193508834
2019-01-07,16.62497174680045
2019-01-08,15.810852308211306
2019-01-09,17.185184083846245
2019-01-10,16.710216798447767
2019-01-11,16.402098797624056
2019-01-12,15.655381109627474
2019-01-13,16.04912663952014
2019-01-14,17.319112413190254
2019-01-15,17.999474151496983
2019-01-16,17.54347615315775
2019-01-17,17.140184322350457
2019-01-18,16.6430332969026
2019-01-19,15.75211751404732
2019-01-20,15.992777641006658
2019-01-21,16.95056486029201
2019-01-22,16.371888263438382
2019-01-23,16.297358533351275
2019-01-24,16.22992788523357
2019-01-25,16.74975018515857
2019-01-26,17.744142222922946
2019-01-27,17.946715598057853
2019-01-28,16.98577601945729
2019-01-29,17.096011454169503
2019-01-30,17.74099261293728
2019-01-31,17.380609585555025
2019-02-01,17.990243925595315
2019-02-02,17.69409092669531
2019-02-03,17.567849461589734
2019-02-04,17.34375981249052
2019-02-05,17.248796197973956
2019-02-06,17.25284356291856
2019-02-07,16.916567687357613
2019-02-08,16.425158150292205
2019-02-09,16.748057109508153
2019-02-10,16.78958506003679
2019-02-11,17.992035666857717
2019-02-12,18.397271527259335
2019-02-13,17.331622137216254
2019-02-14,17.87353532399254
2019-02-15,17.101624566368738
2019-02-16,17.316772594936506
2019-02-17,17.49009445653831
2019-02-18,17.153843803198235
2019-02-19,17.498227139636306
2019-02-20,16.726504139349533
2019-02-21,16.656967770485302
2019-02-22,18.1241908996261
2019-02-23,17.012107435598477
2019-02-24,17.626671138901994
2019-02-25,17.046926361929152
2019-02-26,17.421129759747
2019-02-27,17.671715924504362
2019-02-28,17.229565625783287
2019-03-01,18.457222273698402
2019-03-02,18.38325058692274
2019-03-03,18.40503146887419
2019-03-04,17.745035609705276
2019-03-05,17.465082909047183
2019-03-06,17.045673066938054
2019-03-07,18.18755167898205
2019-03-08,17.716752452823492
2019-03-09,16.97154165597017
2019-03-10,17.514893553977476
2019-03-11,19.2940025790988
2019-03-12,19.244811932806808
2019-03-13,19.20487651850957
2019-03-14,18.160285674806488
2019-03-15,18.482754992862887
2019-03-16,18.318234969408486
2019-03-17,19.58631886828237
2019-03-18,18.51310824398957
2019-03-19,17.799235758273895
2019-03-20,17.00641947754999
2019-03-21,16.692649578649245
2019-03-22,16.680079522618982
2019-03-23,17.291948697684205
2019-03-24,18.69373565982265
2019-03-25,18.41960915752804
2019-03-26,18.34298766156411
2019-03-27,17.937141675359477
2019-03-28,17.3573058737188
2019-03-29,17.2472861811001
2019-03-30,19.041138708452138
2019-03-31,18.464315521321623
2019-04-01,18.952052541645468
2019-04-02,18.3005770701795
2019-04-03,18.34339922020975
2019-04-04,17.05506502562926
2019-04-05,17.527153171329218
2019-04-06,18.57251517093849
2019-04-07,18.52711799430133
2019-04-08,19.41103321342848
2019-04-09,19.252366080784473
2019-04-10,19.524026194899314
2019-04-11,19.3914760625558
2019-04-12,20.082863574536397
2019-04-13,19.598657876125145
2019-04-14,19.595205698590735
2019-04-15,19.67552777049844
2019-04-16,20.00491807430987
2019-04-17,19.407980606038027
2019-04-18,19.563187201908605
2019-04-19,19.4879454202611
2019-04-20,19.32706287890624
2019-04-21,18.585980923758445
2019-04-22,18.69729691367937
2019-04-23,19.08614695417199
2019-04-24,18.708757045149
2019-04-25,19.288393669525373
2019-04-26,20.342880092407867
2019-04-27,19.789673336895845
2019-04-28,20.218228584275984
2019-04-29,20.67275663314136
2019-04-30,21.068285639009506
2019-05-01,21.31276999821828
2019-05-02,21.306855485777703
2019-05-03,20.103377310083207
2019-05-04,20.300739866783175
2019-05-05,21.335597785866607
2019-05-06,22.3256265935825
2019-05-07,22.116185424954985
2019-05-08,23.090277882193405
2019-05-09,22.411812224621414
2019-05-10,22.16854210851342
2019-05-11,21.560195523929945
2019-05-12,22.245812507893596
2019-05-13,21.13079353652413
2019-05-14,21.324755621029727
2019-05-15,22.998528810030287
2019-05-16,22.950010302749657
2019-05-17,23.287636926029172
2019-05-18,22.574729177582206
2019-05-19,22.22471752153531
2019-05-20,22.00291310771263
2019-05-21,22.55949992110699
2019-05-22,22.870019815407087
2019-05-23,22.312977922641434
2019-05-24,22.724128518129756
2019-05-25,22.25563848684463
2019-05-26,21.422143702210178
2019-05-27,22.767191020416636
2019-05-28,23.85803075615112
2019-05-29,22.622154995301763
2019-05-30,22.587216742798198
2019-05-31,22.240884825252834
2019-06-01,22.51058724018953
2019-06-02,22.14794489291174
2019-06-03,22.415286978140596
2019-06-04,23.40442105622692
2019-06-05,24.04306281174743
2019-06-06,23.190417807776374
2019-06-07,24.74105718036289
2019-06-08,25.081303059126107
2019-06-09,24.684334042861423
2019-06-10,23.64442577562057
2019-06-11,24.443862704085483
2019-06-12,23.49581866836119
2019-06-13,25.41306639694616
2019-06-14,23.52937301052579
2019-06-15,24.138838448354676
2019-06-16,24.97345515301993
2019-06-17,25.772522446049706
2019-06-18,24.78760434114096
2019-06-19,23.819676862908572
2019-06-20,22.641420411466243
2019-06-21,23.566294719254742
2019-06-22,23.63604456972672
2019-06-23,24.10428275597359
2019-06-24,24.294997208631063
2019-06-25,25.13211189787961
2019-06-26,25.554870757712553
2019-06-27,25.439289113736866
2019-06-28,25.581856080242606
2019-06-29,25.28799177444309
2019-06-30,25.377085033314124
2019-07-01,25.03507458645355
2019-07-02,26.245104109612505
2019-07-03,26.178324467836063
2019-07-04,25.908358428817554
2019-07-05,26.534474139874945
2019-07-06,26.002241623043723
2019-07-07,26.219853461416392
2019-07-08,25.16269867426763
2019-07-09,25.687319947999175
2019-07-10,25.942505871493747
2019-07-11,26.377844233943836
2019-07-12,27.07145960624495
2019-07-13,26.538698366593003
2019-07-14,27.391587030856577
2019-07-15,27.004107600751375
2019-07-16,27.058265915980435
2019-07-17,27.052924325426176
2019-07-18,27.217639628318565
2019-07-19,27.149564861360375
2019-07-20,26.721817539807063
2019-07-21,27.7604989211712
2019-07-22,27.22123668417539
2019-07-23,26.72159759440774
2019-07-24,27.052076303810207
2019-07-25,26.55852745672523
2019-07-26,26.865311819049968
2019-07-27,26.837388768633744
2019-07-28,26.11238866197353
2019-07-29,26.6729414406727
2019-07-30,26.47296060719294
2019-07-31,28.4426564294413
2019-08-01,27.053902771482186
2019-08-02,27.45773643437385
2019-08-03,28.09967810646157
2019-08-04,27.490186940070537
2019-08-05,26.950454538279686
2019-08-06,27.233515117562124
2019-08-07,27.024058197150595
2019-08-08,26.70340604657543
2019-08-09,26.743546195044146
2019-08-10,27.622822978124404
2019-08-11,28.38092957513241
2019-08-12,28.275596896136957
2019-08-13,27.760935150548477
2019-08-14,28.074972127834513
2019-08-15,26.90371986740976
2019-08-16,26.31914176549086
2019-08-17,27.030785168787645
2019-08-18,27.17594369735253
2019-08-19,27.184952588863133
2019-08-20,27.9997211740995
2019-08-21,26.819140593565066
2019-08-22,26.372721875564068
2019-08-23,27.462853513513572
2019-08-24,27.69656214196339
2019-08-25,26.959378016696206
2019-08-26,28.14935608444725
2019-08-27,27.143827079250478
2019-08-28,27.651034963510746
2019-08-29,27.087437675606825
2019-08-30,27.20695309823258
2019-08-31,26.97406744291793
2019-09-01,26.404206754233435
2019-09-02,25.95948498718039
2019-09-03,25.81292888013126
2019-09-04,26.033772009730143
2019-09-05,25.93061512823593
2019-09-06,25.59754165603828
2019-09-07,25.617340483182545
2019-09-08,25.274535739058038
2019-09-09,25.255521561844574
2019-09-10,26.053229252863506
2019-09-11,25.606492438205297
2019-09-12,25.18143710274917
2019-09-13,25.548694110726633
2019-09-14,25.289263679761305
2019-09-15,25.07347232037563
2019-09-16,24.230657104620235
2019-09-17,25.339087665973675
2019-09-18,25.36535928026104
2019-09-19,25.033898934726263
2019-09-20,25.36342304991358
2019-09-21,24.865116015185187
2019-09-22,24.486259195962383
2019-09-23,24.538300471734303
2019-09-24,24.867240127670367
2019-09-25,24.667720068753777
2019-09-26,24.76335067772216
2019-09-27,24.80588760354668
2019-09-28,24.333904424089365
2019-09-29,23.945809843290004
2019-09-30,23.1382473886517
2019-10-01,24.255613866957855
2019-10-02,24.442449481413295
2019-10-03,25.134640711772896
2019-10-04,23.072771376126294
2019-10-05,23.58867282865727
2019-10-06,23.30102147174383
2019-10-07,24.12831373414911
2019-10-08,24.040742007110996
2019-10-09,23.925672511307077
2019-10-10,23.123401003367974
2019-10-11,23.71042267885102
2019-10-12,22.934620450283195
2019-10-13,23.798354861430326
2019-10-14,22.692779172894888
2019-10-15,22.68760607753162
2019-10-16,22.18194457336691
2019-10-17,22.6899596121675
2019-10-18,23.3703423624013
2019-10-19,21.902559965523118
2019-10-20,22.289005576938163
2019-10-21,21.75173184156769
2019-10-22,21.66864752511942
2019-10-23,20.81888261997932
2019-10-24,21.951264343913593
2019-10-25,22.032589626469946
2019-10-26,22.735606244313693
2019-10-27,22.643947868804617
2019-10-28,21.02889058559558
2019-10-29,20.71569858851818
2019-10-30,21.842505359767394
2019-10-31,20.96217342997915
2019-11-01,22.292395852688824
2019-11-02,21.89545625604467
2019-11-03,21.307682236785627
2019-11-04,21.462054519275057
2019-11-05,22.10075272501428
2019-11-06,20.32513884934004
2019-11-07,20.220513218556114
2019-11-08,20.229776010437828
2019-11-09,21.153460768258324
2019-11-10,21.19909491994517
2019-11-11,21.194387864557022
2019-11-12,20.63877244668485
2019-11-13,21.209558023569432
2019-11-14,20.167644672320723
2019-11-15,20.290490760165707
2019-11-16,19.825486359937983
2019-11-17,19.92659912313001
2019-11-18,19.72438437545176
2019-11-19,19.963857803196788
2019-11-20,19.49839400464616
2019-11-21,19.912729092927535
2019-11-22,20.148576790836394
2019-11-23,19.783879015711456
2019-11-24,18.808214816015756
2019-11-25,19.694340676404135
2019-11-26,18.79520240762578
2019-11-27,19.095709523270138
2019-11-28,18.58989311885746
2019-11-29,19.517583727509482
2019-11-30,18.454395533053024
2019-12-01,18.353389887419464
2019-12-02,18.244819371326003
2019-12-03,17.878907016989256
2019-12-04,18.788384289839893
2019-12-05,18.06291402601903
2019-12-06,17.473968134678064
2019-12-07,18.590346450775463
2019-12-08,19.56984888220528
2019-12-09,18.925300629795416
2019-12-10,18.93127410483345
2019-12-11,20.040233749006997
2019-12-12,19.24166456226424
2019-12-13,18.792128046654252
2019-12-14,18.76540988407794
2019-12-15,16.879107982155734
2019-12-16,17.138469902146824
2019-12-17,16.92884131085435
2019-12-18,17.112261289298964
2019-12-19,17.10684279047164
2019-12-20,18.034682039401847
2019-12-21,19.65980352835685
2019-12-22,18.163658082440207
2019-12-23,18.556800229139146
2019-12-24,18.45092397386413
2019-12-25,18.543540533266647
2019-12-26,18.546330451423685
2019-12-27,17.977096737029957
2019-12-28,17.946023139418504
2019-12-29,17.592508576544994
2019-12-30,17.890844498577785
2019-12-31,17.005493244710646
2020-01-01,17.637707293900856
2020-01-02,17.325090329599643
2020-01-03,16.978752208527087
2020-01-04,17.924977822770188
2020-01-05,16.424644443343343
2020-01-06,16.51608734283174
2020-01-07,16.676760355800326
2020-01-08,15.926850915097582
2020-01-09,17.119452401810587
2020-01-10,16.80723315498692
2020-01-11,16.468296729983727
2020-01-12,15.748116999903946
2020-01-13,16.105400620034622
2020-01-14,17.37325689014354
2020-01-15,18.11792603604118
2020-01-16,17.480278204182458
2020-01-17,17.23979604747253
2020-01-18,16.711868062095093
2020-01-19,15.847510731143895
2020-01-20,16.051708248295164
2020-01-21,17.007344428100367
2020-01-22,16.492933797541617
2020-01-23,16.236694364408116
2020-01-24,16.33199707534579
2020-01-25,16.820952087724915
2020-01-26,17.84180105228898
2020-01-27,18.007802213329686
2020-01-28,17.04459724575426
2020-01-29,17.218983007951767
2020-01-30,17.68214101606271
2020-01-31,17.484383498337976
2020-02-01,18.063051536967148
2020-02-02,17.793268262614404
2020-02-03,17.630381823285177
2020-02-04,17.403970677413266
2020-02-05,17.373119661791115
2020-02-06,17.195325720693283
2020-02-07,17.0216773990623
2020-02-08,16.499323844626275
2020-02-09,16.848634503562423
2020-02-10,16.853578022868163
2020-02-11,18.05378457592214
2020-02-12,18.523225211297486
2020-02-13,17.275838817695096
2020-02-14,17.980493012575888
2020-02-15,17.17775758269427
2020-02-16,17.41943909026225
2020-02-17,17.556297176821566
2020-02-18,17.21791844340285
2020-02-19,17.626614382950624
2020-02-20,16.673250790784664
2020-02-21,16.766537437017867
2020-02-22,18.203000873358448
2020-02-23,17.117496655404242
2020-02-24,17.695621452034313
2020-02-25,17.113751423649852
2020-02-26,17.55228715909986
2020-02-27,17.621229892247545
2020-02-28,17.341877816578563
2020-02-29,18.483748099204597
2020-03-01,18.49127222713334
2020-03-02,18.476532872812868
2020-03-03,17.814316337715287
2020-03-04,17.59854998806709
2020-03-05,16.99734300105615
2020-03-06,18.301861917528935
2020-03-07,17.800098951485136
2020-03-08,17.081247388535964
2020-03-09,17.58793018193987
2020-03-10,19.364679606893752
2020-03-11,19.37954942134189
2020-03-12,19.157656268525628
2020-03-13,18.27556324051472
2020-03-14,18.566946290696027
2020-03-15,18.42868427446875
2020-03-16,19.66001993974136
2020-03-17,18.584392922303756
2020-03-18,17.934546122195652
2020-03-19,16.959808968042854
2020-03-20,16.80859354289849
2020-03-21,16.76501183897038
2020-03-22,17.403229364524822
2020-03-23,18.76837158038378
2020-03-24,18.491942471800684
2020-03-25,18.479467719403406
2020-03-26,17.891826061620094
2020-03-27,17.474670939883964
2020-03-28,17.33376374304189
2020-03-29,19.154083789744995
2020-03-30,18.5407273682145
2020-03-31,19.026263252936033
2020-04-01,18.439023926287952
2020-04-02,18.30012611099677
2020-04-03,17.174533418945305
2020-04-04,17.615779268653256
2020-04-05,18.687638115849282
2020-04-06,18.605721346202063
2020-04-07,19.487434016487
2020-04-08,19.392987599896752
2020-04-09,19.482899706857527
2020-04-10,19.513052134534842
2020-04-11,20.173549468105676
2020-04-12,19.715785936353765
2020-04-13,19.675754936604957
2020-04-14,19.753812967626285
2020-04-15,20.14736248003201
2020-04-16,19.36861762056833
2020-04-17,19.686471480255584
2020-04-18,19.580290042681636
2020-04-19,19.44580745572686
2020-04-20,18.66811285281563
2020-04-21,18.77714012951651
2020-04-22,19.230134253035196
2020-04-23,18.67093138884734
2020-04-24,19.413218917304764
2020-04-25,20.43677781772811
2020-04-26,19.90999060837943
2020-04-27,20.30195893933944
2020-04-28,20.75422859238351
2020-04-29,21.213934852729984
2020-04-30,21.276640433646026
2020-05-01,21.433410107707402
2020-05-02,20.199034913273444
2020-05-03,20.422842938748335
2020-05-04,21.421133625850878
2020-05-05,22.40891603108618
2020-05-06,22.263655222630387
2020-05-07,23.05600198099019
2020-05-08,22.54024324461304
2020-05-09,22.26608829740189
2020-05-10,21.684188991136484
2020-05-11,22.333230715520795
2020-05-12,21.215948378715996
2020-05-13,21.474066165043126
2020-05-14,22.966023088571628
2020-05-15,23.08013659087503
2020-05-16,23.38680114178128
2020-05-17,22.70026326662718
2020-05-18,22.313601034583712
2020-05-19,22.08946229897918
2020-05-20,22.710140439873005
2020-05-21,22.838737159454062
2020-05-22,22.444230976088882
2020-05-23,22.82433548828918
2020-05-24,22.382144993182795
2020-05-25,21.511944012967152
2020-05-26,22.85461677479679
2020-05-27,24.009523254890855
2020-05-28,22.59176646152705
2020-05-29,22.719421001279258
2020-05-30,22.342114056103192
2020-05-31,22.71236924077243
2020-06-01,22.23894574546285
2020-06-02,22.504016797857794
2020-06-03,23.557327809285383
2020-06-04,24.014202939203614
2020-06-05,23.324266778441498
2020-06-06,24.84404618753394
2020-06-07,25.210786741559474
2020-06-08,24.777311457835275
2020-06-09,23.735228969777417
2020-06-10,24.59892896940694
2020-06-11,23.469191886363006
2020-06-12,25.549207916999123
2020-06-13,23.634698712803754
2020-06-14,24.270686861373704
2020-06-15,25.068808842358614
2020-06-16,25.865697008166123
2020-06-17,24.945021077717982
2020-06-18,23.795364527069616
2020-06-19,22.779826460557977
2020-06-20,23.673822714349352
2020-06-21,23.77002258261526
2020-06-22,24.20168499246518
2020-06-23,24.390133175951608
2020-06-24,25.291399187281634
2020-06-25,25.532336831262366
2020-06-26,25.57938252958092
2020-06-27,25.690983798109503
2020-06-28,25.42348740568005
2020-06-29,25.47593024962182
2020-06-30,25.131588022105575
2020-07-01,26.40571383668412
2020-07-02,26.157069443000506
2020-07-03,26.049699356466462
2020-07-04,26.644830404333753
2020-07-05,26.138959165420836
2020-07-06,26.31992582637391
2020-07-07,25.26045557216667
2020-07-08,25.849199421866007
2020-07-09,25.922555476201694
2020-07-10,26.520531679909634
2020-07-11,27.183209526399384
2020-07-12,26.676860086455513
2020-07-13,27.493155569455826
2020-07-14,27.103412248423876
2020-07-15,27.2217424771604
2020-07-16,27.034653640185983
2020-07-17,27.362083982148025
2020-07-18,27.263142192054055
2020-07-19,26.8618694759109
2020-07-20,27.8640120801193
2020-07-21,27.322531566350346
2020-07-22,26.88710115091885
2020-07-23,27.03582357169777
2020-07-24,26.70497269857405
2020-07-25,26.98086580933175
2020-07-26,26.979387089543717
2020-07-27,26.21781321936275
2020-07-28,26.776109529404412
2020-07-29,26.640297598306983
2020-07-30,28.428145798409567
2020-07-31,27.20200058509297
2020-08-01,27.574856914814752
2020-08-02,28.243161819315652
2020-08-03,27.597022149749563
2020-08-04,27.054966065360794
2020-08-05,27.402136777038095
2020-08-06,27.010834215493293
2020-08-07,26.852801901604717
2020-08-08,26.861985530537982
2020-08-09,27.767655467854304
2020-08-10,28.489151960777562
2020-08-11,28.381541543747577
2020-08-12,27.931042214311624
2020-08-13,28.063290727963405
2020-08-14,27.054718734016426
2020-08-15,26.439246006919028
2020-08-16,27.17734404410352
2020-08-17,27.28595162077531
2020-08-18,27.292737712344312
2020-08-19,28.171717636485347
2020-08-20,26.809389841008127
2020-08-21,26.52568350109863
2020-08-22,27.584942268660765
2020-08-23,27.84511599294555
2020-08-24,27.07137946463898
2020-08-25,28.25912108633498
2020-08-26,27.31777764787342
2020-08-27,27.643200840444514
2020-08-28,27.242267514380714
2020-08-29,27.33085180002042
2020-08-30,27.124364507332857
2020-08-31,26.44555785020977
2020-09-01,26.070841104093
2020-09-02,25.98838905223286
2020-09-03,26.027365107564012
2020-09-04,26.086791072372716
2020-09-05,25.722708725417053
2020-09-06,25.76883357587578
2020-09-07,25.389337798043947
2020-09-08,25.367952498748984
2020-09-09,26.229718447203503
2020-09-10,25.60108020860117
2020-09-11,25.338585592784653
2020-09-12,25.67482424023102
2020-09-13,25.441723035225117
2020-09-14,25.189256208214694
2020-09-15,24.344097111481553
2020-09-16,25.516623814640024
2020-09-17,25.361041188082645
2020-09-18,25.192196426842806
2020-09-19,25.49076288645858
2020-09-20,25.018849613169756
2020-09-21,24.60338357488137
2020-09-22,24.653146770609137
2020-09-23,25.04624578365765
2020-09-24,24.664970012350633
2020-09-25,24.923308200585314
2020-09-26,24.934971244229864
2020-09-27,24.489455952837176
2020-09-28,24.064815515464463
2020-09-29,23.25502680533306
2020-09-30,24.43659252253783
2020-10-01,24.441660393564852
2020-10-02,25.296535572018172
2020-10-03,23.203757864077968
2020-10-04,23.746082952917057
2020-10-05,23.42183314771299
2020-10-06,24.246839927159712
2020-10-07,24.223403511783733
2020-10-08,23.926451477561884
2020-10-09,23.286748751439088
2020-10-10,23.84274877800057
2020-10-11,23.093261031924687
2020-10-12,23.92029409984785
2020-10-13,22.812338264345506
2020-10-14,22.87121579304168
2020-10-15,22.183646779485223
2020-10-16,22.854218200242265
2020-10-17,23.503580235196207
2020-10-18,22.062126953158703
2020-10-19,22.41189950441994
2020-10-20,21.87228709098773
2020-10-21,21.85330718035138
2020-10-22,20.82169960047589
2020-10-23,22.116711979979772
2020-10-24,22.167098335751305
2020-10-25,22.89653119117571
2020-10-26,22.76828983704424
2020-10-27,21.150984413971905
2020-10-28,20.9019852613453
2020-10-29,21.84703316147915
2020-10-30,21.129408616136722
2020-10-31,22.42875949503488
2020-11-01,22.05829213898104
2020-11-02,21.433978029338245
2020-11-03,21.586130563779047
2020-11-04,22.289034524835355
2020-11-05,20.331658653253022
2020-11-06,20.389721141897088
2020-11-07,20.36807733759561
2020-11-08,21.318184300518798
2020-11-09,21.32721457947751
2020-11-10,21.320211882955203
2020-11-11,20.828716208430208
2020-11-12,21.217645951270146
2020-11-13,20.33832158463208
2020-11-14,20.430159339545842
2020-11-15,19.991475588889493
2020-11-16,20.05588589656817
2020-11-17,19.851282616788247
2020-11-18,20.15479115603412
2020-11-19,19.507397490809495
2020-11-20,20.08426017383768
2020-11-21,20.289052477545226
2020-11-22,19.950643896268
2020-11-23,18.938262219376654
2020-11-24,19.822001313289825
2020-11-25,18.98691657389279
2020-11-26,19.10552827068415
2020-11-27,18.76228884447848
2020-11-28,19.658986840880267
2020-11-29,18.622162082964927
2020-11-30,18.537653955931205
2020-12-01,18.373655126908083
2020-12-02,18.071890168501728
2020-12-03,18.799606891685244
2020-12-04,18.236846462219994
2020-12-05,17.617035896493633
2020-12-06,18.759897890712498
2020-12-07,19.702876241155124
2020-12-08,19.056128682657786
2020-12-09,19.126332511087146
2020-12-10,20.053558509861173
2020-12-11,19.41770902830612
2020-12-12,18.937300124009784
2020-12-13,18.93704030610935
2020-12-14,17.014171859968688
2020-12-15,17.2712758841852
2020-12-16,17.125804423147812
2020-12-17,17.1273600195044
2020-12-18,17.284520142969445
2020-12-19,18.18133825293615
2020-12-20,19.832764609416362
2020-12-21,18.29989753558081
2020-12-22,18.690628308790203
2020-12-23,18.648760525914945
2020-12-24,18.559416813096032
2020-12-25,18.724700350954524
2020-12-26,18.124374061473226
2020-12-27,18.119549797603238
2020-12-28,17.72927589929163
2020-12-29,18.02518202091641
2020-12-30,17.203841033187764
2020-12-31,17.05874623116545
2021-01-01,17.698771846735834
2021-01-02,17.517844694946582
2021-01-03,17.166901631827656
2021-01-04,18.10279421968557
2021-01-05,16.563377874740354
2021-01-06,16.716428763216793
2021-01-07,16.759117073488273
2021-01-08,15.989660562565307
2021-01-09,17.3135324651381
2021-01-10,16.996287539697775
2021-01-11,16.646606412262155
2021-01-12,15.88695128272727
2021-01-13,16.305479380090063
2021-01-14,17.455025266943814
2021-01-15,18.17986738247663
2021-01-16,17.673262375286363
2021-01-17,17.42758453890726
2021-01-18,16.88880308689202
2021-01-19,15.984924798056731
2021-01-20,16.250384674465863
2021-01-21,17.087790286008477
2021-01-22,16.553691164351832
2021-01-23,16.428686998324526
2021-01-24,16.519034075914586
2021-01-25,16.997415670352705
2021-01-26,17.979055037195554
2021-01-27,18.20665169256806
2021-01-28,17.12556095237993
2021-01-29,17.28060427207866
2021-01-30,17.87533444104665
2021-01-31,17.67293891443034
2021-02-01,18.241322354854866
2021-02-02,17.93258081117045
2021-02-03,17.831496111672664
2021-02-04,17.48735407518778
2021-02-05,17.43725934522247
2021-02-06,17.391076976956228
2021-02-07,17.212769300164176
2021-02-08,16.68004936539348
2021-02-09,16.990261618653
2021-02-10,17.05681217372129
2021-02-11,18.13908543075484
2021-02-12,18.589037613014458
2021-02-13,17.472983832961912
2021-02-14,18.172674650408858
2021-02-15,17.359253704558363
2021-02-16,17.561513024434504
2021-02-17,17.75966041339195
2021-02-18,17.303005849372063
2021-02-19,17.69189774253719
2021-02-20,16.869587731781678
2021-02-21,16.957677237380416
2021-02-22,18.383274218267033
2021-02-23,17.25822588940634
2021-02-24,17.897581740214253
2021-02-25,17.197444303536727
2021-02-26,17.616212824714324
2021-02-27,17.816313356660917
2021-02-28,17.531933439754805
2021-03-01,18.718148763260714
2021-03-02,18.631433482447356
2021-03-03,18.67825940779623
2021-03-04,17.89814976527427
2021-03-05,17.66306072869177
2021-03-06,17.19347664014879
2021-03-07,18.493442726349414
2021-03-08,17.98151770268183
2021-03-09,17.223870061837193
2021-03-10,17.792558013809185
2021-03-11,19.45182199353666
2021-03-12,19.447735540718792
2021-03-13,19.357782531725782
2021-03-14,18.47139810386013
2021-03-15,18.752819522724767
2021-03-16,18.57589723244171
2021-03-17,19.869307265608597
2021-03-18,18.676197121998708
2021-03-19,18.0073308479984
2021-03-20,17.164408069391
2021-03-21,17.008717374224013
2021-03-22,16.954937879295507
2021-03-23,17.554213668506243
2021-03-24,18.981111441202664
2021-03-25,18.586851736410395
2021-03-26,18.554990559333937
2021-03-27,18.098786255357872
2021-03-28,17.676778153442783
2021-03-29,17.525303868859112
2021-03-30,19.306329876124032
2021-03-31,18.754401538926896
2021-04-01,19.121811082780077
2021-04-02,18.514927106343112
2021-04-03,18.507250494451252
2021-04-04,17.376633972225576
2021-04-05,17.80718902821815
2021-04-06,18.839677723992455
2021-04-07,18.819159606320913
2021-04-08,19.582760972945035
2021-04-09,19.468726012919916
2021-04-10,19.689952046370838
2021-04-11,19.71520464606571
2021-04-12,20.365160434120416
2021-04-13,19.868194723347823
2021-04-14,19.88974227891997
2021-04-15,19.849873996932317
2021-04-16,20.22401836798665
2021-04-17,19.5767629490412
2021-04-18,19.889878876504582
2021-04-19,19.773299181412295
2021-04-20,19.599734991943624
2021-04-21,18.88371370587373
2021-04-22,18.87491666931527
2021-04-23,19.308578917325267
2021-04-24,18.880910262908788
2021-04-25,19.618477474366845
2021-04-26,20.631630962083985
2021-04-27,20.06573355193104
2021-04-28,20.519329302126074
2021-04-29,20.853681176658036
2021-04-30,21.293954901566917
2021-05-01,21.48809243651607
2021-05-02,21.640043644576192
2021-05-03,20.39517460083053
2021-05-04,20.57979901299675
2021-05-05,21.63966356128454
2021-05-06,22.509498661568596
2021-05-07,22.344803195878107
2021-05-08,23.268569877252567
2021-05-09,22.748011910358215
2021-05-10,22.463413945896352
2021-05-11,21.842412668021105
2021-05-12,22.553138807820456
2021-05-13,21.318045667742254
2021-05-14,21.556887289205267
2021-05-15,23.18047953601377
2021-05-16,23.290020771664036
2021-05-17,23.586474660313538
2021-05-18,22.861065982685982
2021-05-19,22.536311362975802
2021-05-20,22.19457025653373
2021-05-21,22.7961593080045
2021-05-22,23.05655087817915
2021-05-23,22.657598809102332
2021-05-24,23.02758106385084
2021-05-25,22.546566288004705
2021-05-26,21.73827470309349
2021-05-27,22.963300432399535
2021-05-28,24.099026226288373
2021-05-29,22.812926507354465
2021-05-30,22.935953202444587
2021-05-31,22.54830105433959
2021-06-01,22.8053027910447
2021-06-02,22.467667302214505
2021-06-03,22.614775257751873
2021-06-04,23.64857132240337
2021-06-05,24.236758522079814
2021-06-06,23.54184654772294
2021-06-07,25.050937718240757
2021-06-08,25.378264078679532
2021-06-09,25.006097175096414
2021-06-10,23.845768733576936
2021-06-11,24.68970443207565
2021-06-12,23.691068988697804
2021-06-13,25.76594211284707
2021-06-14,23.840624203532766
2021-06-15,24.437126400921823
2021-06-16,25.296534540941472
2021-06-17,25.975203628128494
2021-06-18,25.034837681423063
2021-06-19,24.01640159166297
2021-06-20,22.995880005435062
2021-06-21,23.879262559413185
2021-06-22,23.936201324578754
2021-06-23,24.429398149408115
2021-06-24,24.499892010664034
2021-06-25,25.38174208080816
2021-06-26,25.754176327135845
2021-06-27,25.79650959425199
2021-06-28,25.897756409385458
2021-06-29,25.591240044447588
2021-06-30,25.705434727742027
2021-07-01,25.243349608034954
2021-07-02,26.49823863170979
2021-07-03,26.381234937411918
2021-07-04,26.269259787223405
2021-07-05,26.85410646575023
2021-07-06,26.309248614432498
2021-07-07,26.55196538217942
2021-07-08,25.374695567165396
2021-07-09,25.944117020115954
2021-07-10,26.149003524797198
2021-07-11,26.742244685434077
2021-07-12,27.394493818245394
2021-07-13,26.849004697072623
2021-07-14,27.72689422534297
2021-07-15,27.219197928502503
2021-07-16,27.318060360125187
2021-07-17,27.262332307536173
2021-07-18,27.584875222878445
2021-07-19,27.47537323471681
2021-07-20,27.034853040054394
2021-07-21,28.098507459143196
2021-07-22,27.439018228254994
2021-07-23,26.98409070973789
2021-07-24,27.264207237405465
2021-07-25,26.928525744513642
2021-07-26,27.193936168866493
2021-07-27,27.153304663351463
2021-07-28,26.453350338411703
2021-07-29,26.89375407972605
2021-07-30,26.738564675377233
2021-07-31,28.657925008889812
2021-08-01,27.42706053954361
2021-08-02,27.789534022164695
2021-08-03,28.418769958104658
2021-08-04,27.834313649523207
2021-08-05,27.174405487770084
2021-08-06,27.50221334352092
2021-08-07,27.2424099746194
2021-08-08,27.0796171520773
2021-08-09,27.078348580914685
2021-08-10,27.944853277107132
2021-08-11,28.727912061961234
2021-08-12,28.502306709980903
2021-08-13,28.032283685292693
2021-08-14,28.295857064043425
2021-08-15,27.282341791186592
2021-08-16,26.656231095244607
2021-08-17,27.35498079992226
2021-08-18,27.524975986263346
2021-08-19,27.41360647843393
2021-08-20,28.272921369689353
2021-08-21,27.041801269002985
2021-08-22,26.75306286353844
2021-08-23,27.801626713757557
2021-08-24,28.022429572506596
2021-08-25,27.310094147212205
2021-08-26,28.379730273403922
2021-08-27,27.418808044636037
2021-08-28,27.87555978808512
2021-08-29,27.469747322468702
2021-08-30,27.547818190851178
2021-08-31,27.302165754324207
2021-09-01,26.757305061927052
2021-09-02,26.192401130527834
2021-09-03,26.090615962166673
2021-09-04,26.26116725314248
2021-09-05,26.315955366575185
2021-09-06,25.94158921575029
2021-09-07,25.948760898807475
2021-09-08,25.63107995199962
2021-09-09,25.491989942086562
2021-09-10,26.33455332305098
2021-09-11,25.837585867941254
2021-09-12,25.570511886238002
2021-09-13,25.896487175288303
2021-09-14,25.624415345804636
2021-09-15,25.433709240832716
2021-09-16,24.470755488471745
2021-09-17,25.6239586930037
2021-09-18,25.599899180452297
2021-09-19,25.426305676462235
2021-09-20,25.714423356357987
2021-09-21,25.20334411665172
2021-09-22,24.84943993694504
2021-09-23,24.781212571627137
2021-09-24,25.15480150065271
2021-09-25,24.90483767857357
2021-09-26,25.15823687782467
2021-09-27,25.159286691965008
2021-09-28,24.674470834458898
2021-09-29,24.311290607299405
2021-09-30,23.383444688227094
2021-10-01,24.545469602956643
2021-10-02,24.68189435728825
2021-10-03,25.531909806106583
2021-10-04,23.428629956945976
2021-10-05,23.931793853698654
2021-10-06,23.669167431418423
2021-10-07,24.376298674929714
2021-10-08,24.33351567890209
2021-10-09,24.16812087340701
2021-10-10,23.523758182852568
2021-10-11,24.069448475917344
2021-10-12,23.280977946324658
2021-10-13,24.169792507119922
2021-10-14,22.944093187694186
2021-10-15,22.983725093899736
2021-10-16,22.427779023774573
2021-10-17,23.093717825560173
2021-10-18,23.732757109049107
2021-10-19,22.252266874105352
2021-10-20,22.663726054519444
2021-10-21,22.006236303042762
2021-10-22,21.9678408404263
2021-10-23,21.0676542528169
2021-10-24,22.357805125582395
2021-10-25,22.397618882784037
2021-10-26,23.087750681113967
2021-10-27,23.02092483166766
2021-10-28,21.285471488950265
2021-10-29,21.01679441519114
2021-10-30,22.093016701735717
2021-10-31,21.370307015431358
2021-11-01,22.658891283243342
2021-11-02,22.24896436986011
2021-11-03,21.685947727348882
2021-11-04,21.719878622909256
2021-11-05,22.403077899058413
2021-11-06,20.576897935241984
2021-11-07,20.629945060270696
2021-11-08,20.59765127839637
2021-11-09,21.50845943138076
2021-11-10,21.578988021777757
2021-11-11,21.45399944164394
2021-11-12,20.94306353422066
2021-11-13,21.463475262992954
2021-11-14,20.579435508385494
2021-11-15,20.660928991077835
2021-11-16,20.183249492126727
2021-11-17,20.309450191311623
2021-11-18,19.987134164780173
2021-11-19,20.27144901849938
2021-11-20,19.755750484794383
2021-11-21,20.32807164886782
2021-11-22,20.52264951189435
2021-11-23,20.145327474474584
2021-11-24,19.194768808294608
2021-11-25,19.96077730791057
2021-11-26,19.10643143978278
2021-11-27,19.356623454936425
2021-11-28,19.00868394944687
2021-11-29,19.894970120073463
2021-11-30,18.819001782182212
2021-12-01,18.742929305597713
2021-12-02,18.514057885736598
2021-12-03,18.192748873395512
2021-12-04,19.051722328836203
2021-12-05,18.48394647034292
2021-12-06,17.853425604242915
2021-12-07,18.956870613378474
2021-12-08,19.96117536155538
2021-12-09,19.19622197560779
2021-12-10,19.24672473873305
2021-12-11,20.305139372579518
2021-12-12,19.664257990299525
2021-12-13,19.173175209247105
2021-12-14,19.133587434415276
2021-12-15,17.27218516155674
2021-12-16,17.411270497219355
2021-12-17,17.246327645949577
2021-12-18,17.37933794431145
2021-12-19,17.531761329214255
2021-12-20,18.418221570025786
2021-12-21,20.030647847639422
2021-12-22,18.559577245887198
2021-12-23,18.832612391418216
2021-12-24,18.771579447357915
2021-12-25,18.813970578384804
2021-12-26,18.974762781464513
2021-12-27,18.36428149282844
2021-12-28,18.32061077364725
2021-12-29,17.992232293590433
2021-12-30,18.1704830706552
2021-12-31,17.32995612500912
2022-01-01,17.911884511018773
2022-01-02,17.757169115118757
2022-01-03,17.36944408135917
2022-01-04,18.302897538739852
2022-01-05,16.827493425660553
2022-01-06,16.7986173858271
2022-01-07,17.00385949722474
2022-01-08,16.20339393928657
2022-01-09,17.55361790779295
2022-01-10,17.199730900067692
2022-01-11,16.847746649273137
2022-01-12,16.15223251475673
2022-01-13,16.388952030521015
2022-01-14,17.701156754944392
2022-01-15,18.39507901531631
2022-01-16,17.91489731750926
2022-01-17,17.632629079702138
2022-01-18,17.091575543566282
2022-01-19,16.25184813413174
2022-01-20,16.335488225843957
2022-01-21,17.33552103092224
2022-01-22,16.770451177149106
2022-01-23,16.671801946616903
2022-01-24,16.725474967542013
2022-01-25,17.201488174521806
2022-01-26,18.247172446484797
2022-01-27,18.292836994182423
2022-01-28,17.374258098076496
2022-01-29,17.498215790211777
2022-01-30,18.119189909208355
2022-01-31,17.880016584402295
2022-02-01,18.44593825753696
2022-02-02,18.201161414123348
2022-02-03,17.918079921383548
2022-02-04,17.736402623027022
2022-02-05,17.655194204886165
2022-02-06,17.635247684961147
2022-02-07,17.420174401832828
2022-02-08,16.885024930169813
2022-02-09,17.259253313892003
2022-02-10,17.143876305394492
2022-02-11,18.388657928578862
2022-02-12,18.807553530937117
2022-02-13,17.71780338740562
2022-02-14,18.380803938059692
2022-02-15,17.565032975804492
2022-02-16,17.831388608375082
2022-02-17,17.847685707046306
2022-02-18,17.553651827249393
2022-02-19,17.911589647748333
2022-02-20,17.11567282946109
2022-02-21,17.16714585762743
2022-02-22,18.5904484326715
2022-02-23,17.529531905941816
2022-02-24,17.987051416179668
2022-02-25,17.449526218278557
2022-02-26,17.837309557837656
2022-02-27,18.063749836402287
2022-02-28,17.742678572464385
2022-03-01,18.926504672078604
2022-03-02,18.903808424732112
2022-03-03,18.768669756885377
2022-03-04,18.1510314857794
2022-03-05,17.884806980383797
2022-03-06,17.441406366628655
2022-03-07,18.704522433381864
2022-03-08,18.19005075076351
2022-03-09,17.496269541680043
2022-03-10,17.882848592105923
2022-03-11,19.704451162570134
2022-03-12,19.669110913681216
2022-03-13,19.6052400489891
2022-03-14,18.681923366091
2022-03-15,18.960736588073804
2022-03-16,18.847640960419962
2022-03-17,19.958924609832557
2022-03-18,18.928157820616363
2022-03-19,18.228064168938893
2022-03-20,17.411270490539994
2022-03-21,17.218713428439727
2022-03-22,17.162408514305845
2022-03-23,17.825608215533197
2022-03-24,19.07048860384936
2022-03-25,18.838690055868913
2022-03-26,18.775725017977557
2022-03-27,18.34577590133172
2022-03-28,17.88702697620074
2022-03-29,17.733149273284724
2022-03-30,19.5782148443229
2022-03-31,18.844375884294024
2022-04-01,19.374342243495995
2022-04-02,18.73643712978701
2022-04-03,18.755084083210047
2022-04-04,17.587779808727454
2022-04-05,18.015968712087982
2022-04-06,19.112518397496867
2022-04-07,18.910095659214733
2022-04-08,19.836245259939947
2022-04-09,19.691167224804246
2022-04-10,19.938683093795287
2022-04-11,19.927204264231065
2022-04-12,20.574742335280586
2022-04-13,20.141780367355526
2022-04-14,19.98136264993002
2022-04-15,20.10398081977766
2022-04-16,20.447021405281035
2022-04-17,19.82599824273938
2022-04-18,20.10233014764724
2022-04-19,19.983286722558333
2022-04-20,19.87368813170202
2022-04-21,18.975672244139233
2022-04-22,19.129306652457053
2022-04-23,19.531819709152575
2022-04-24,19.130347333730647
2022-04-25,19.831103436342982
2022-04-26,20.84177412152664
2022-04-27,20.339830068791077
2022-04-28,20.61142436489558
2022-04-29,21.108239645831798
2022-04-30,21.517398081242728
2022-05-01,21.737765854724348
2022-05-02,21.852938070769234
2022-05-03,20.605614647129645
2022-05-04,20.854215407737737
2022-05-05,21.732094499369495
2022-05-06,22.764400679109688
2022-05-07,22.56858822132407
2022-05-08,23.518573330683985
2022-05-09,22.96121406924828
2022-05-10,22.674128912872256
2022-05-11,22.11706101753891
2022-05-12,22.64574930439672
2022-05-13,21.573066491507277
2022-05-14,21.780723409749168
2022-05-15,23.430461095828004
2022-05-16,23.503124688242885
2022-05-17,23.797013774665732
2022-05-18,23.135461825045272
2022-05-19,22.62859592409474
2022-05-20,22.44919719806107
2022-05-21,23.019541252697625
2022-05-22,23.306027643120053
2022-05-23,22.87015879484614
2022-05-24,23.237550133030332
2022-05-25,22.82038021167344
2022-05-26,21.8299805722031
2022-05-27,23.217367478143746
2022-05-28,24.321882701249457
2022-05-29,23.061927502391818
2022-05-30,23.1481016242891
2022-05-31,22.757936109337724
2022-06-01,23.07887206481118
2022-06-02,22.55922784324975
2022-06-03,22.868804118325574
2022-06-04,23.871502216797012
2022-06-05,24.4859494836637
2022-06-06,23.754300814532108
2022-06-07,25.260992195238398
2022-06-08,25.652361467162784
2022-06-09,25.098287175946684
2022-06-10,24.100518774273716
2022-06-11,24.913436572279988
2022-06-12,23.94112787882988
2022-06-13,25.979316226732074
2022-06-14,24.05163468341806
2022-06-15,24.71219959444163
2022-06-16,25.38970362518796
2022-06-17,26.2309197587963
2022-06-18,25.25950731004523
2022-06-19,24.267354813783083
2022-06-20,23.210092149991542
2022-06-21,24.091043347825497
2022-06-22,24.21196767060345
2022-06-23,24.52317598792812
2022-06-24,24.756127588209687
2022-06-25,25.606839347367938
2022-06-26,26.005465290782606
2022-06-27,26.01096784944267
2022-06-28,26.10969817001329
2022-06-29,25.867088757159493
2022-06-30,25.79922465988997
2022-07-01,25.499514377666454
2022-07-02,26.723193220540008
2022-07-03,26.632321220040257
2022-07-04,26.4834676903212
2022-07-05,27.06576262646815
2022-07-06,26.584788624774024
2022-07-07,26.645435024638523
2022-07-08,25.630561492485683
2022-07-09,26.16880352518971
2022-07-10,26.399860310502497
2022-07-11,26.95626782284081
2022-07-12,27.60601427059029
2022-07-13,27.124460487628756
2022-07-14,27.82033165800774
2022-07-15,27.475082311577637
2022-07-16,27.542812889052833
2022-07-17,27.513297982339953
2022-07-18,27.799044023029758
2022-07-19,27.687068891644017
2022-07-20,27.310505488984308
2022-07-21,28.192154367692044
2022-07-22,27.695116042144
2022-07-23,27.20905186093398
2022-07-24,27.515368379923974
2022-07-25,27.14286923037495
2022-07-26,27.405779094787878
2022-07-27,27.4290715611336
2022-07-28,26.54707489884725
2022-07-29,27.149890344234507
2022-07-30,26.963524336055826
2022-07-31,28.909045679346345
2022-08-01,27.641327207928683
2022-08-02,28.001268017757734
2022-08-03,28.69440150698932
2022-08-04,27.92788341349754
2022-08-05,27.430375526596627
2022-08-06,27.727004148529552
2022-08-07,27.49336844452056
2022-08-08,27.293737731827683
2022-08-09,27.289961905022714
2022-08-10,28.22039840327184
2022-08-11,28.821437699534208
2022-08-12,28.758281893364227
2022-08-13,28.257134549655348
2022-08-14,28.54693460264488
2022-08-15,27.496642822378302
2022-08-16,26.86808678633983
2022-08-17,27.63082883801612
2022-08-18,27.618861802933154
2022-08-19,27.66999397904878
2022-08-20,28.498229823468826
2022-08-21,27.29337323605535
2022-08-22,26.9678853821475
2022-08-23,28.014020088728678
2022-08-24,28.298819846853945
2022-08-25,27.404514655167585
2022-08-26,28.636632715602573
2022-08-27,27.64459973122412
2022-08-28,28.12757191516039
2022-08-29,27.684956494501108
2022-08-30,27.760535519561405
2022-08-31,27.57880960670245
2022-09-01,26.85190284673396
2022-09-02,26.449400556789776
2022-09-03,26.316422409477244
2022-09-04,26.513112115068274
2022-09-05,26.531017577362135
2022-09-06,26.154084290336797
2022-09-07,26.225113560239677
2022-09-08,25.725325738904885
2022-09-09,25.748584722449152
2022-09-10,26.559913410258254
2022-09-11,26.08905453447851
2022-09-12,25.78508054401777
2022-09-13,26.108484050591095
2022-09-14,25.90027773385892
2022-09-15,25.52748474391688
2022-09-16,24.72691268730731
2022-09-17,25.84892390878005
2022-09-18,25.851024207027155
2022-09-19,25.640588711365957
2022-09-20,25.92619747865293
2022-09-21,25.47904940286337
2022-09-22,24.94312462337991
2022-09-23,25.03734371541621
2022-09-24,25.379801797433274
2022-09-25,25.156053314951702
2022-09-26,25.37265864385604
2022-09-27,25.37123869646146
2022-09-28,24.950382907347834
2022-09-29,24.405199788857676
2022-09-30,23.63980624774124
2022-10-01,24.770694233968772
2022-10-02,24.933316416132698
2022-10-03,25.746508807233997
2022-10-04,23.640719656101417
2022-10-05,24.207794991855657
2022-10-06,23.763109528667698
2022-10-07,24.632631307316117
2022-10-08,24.558645877151704
2022-10-09,24.419381503638515
2022-10-10,23.738129517962836
2022-10-11,24.281247285878724
2022-10-12,23.55663017952008
2022-10-13,24.263334953243785
2022-10-14,23.199984558620358
2022-10-15,23.208383166843852
2022-10-16,22.67854871406951
2022-10-17,23.307592406594406
2022-10-18,23.944066917836288
2022-10-19,22.527451585920364
2022-10-20,22.756835929194892
2022-10-21,22.26174285177397
2022-10-22,22.192173569886506
2022-10-23,21.318168366025713
2022-10-24,22.57150240848182
2022-10-25,22.60883612533732
2022-10-26,23.362931725339877
2022-10-27,23.114121656510463
2022-10-28,21.54115478627482
2022-10-29,21.241390317081024
2022-10-30,22.343874539739303
2022-10-31,21.584420339691064
2022-11-01,22.87058648709975
2022-11-02,22.524673006979715
2022-11-03,21.779707923940315
2022-11-04,21.97614603013526
2022-11-05,22.628262835407348
2022-11-06,20.82833358728884
2022-11-07,20.844608957258824
2022-11-08,20.80985437291709
2022-11-09,21.784618859833163
2022-11-10,21.673128934083532
2022-11-11,21.710566332942076
2022-11-12,21.168457716679747
2022-11-13,21.715023336491964
2022-11-14,20.7941110369118
2022-11-15,20.873041710773943
2022-11-16,20.45921812039166
2022-11-17,20.403304224430947
2022-11-18,20.24332499836495
2022-11-19,20.496387426794456
2022-11-20,20.006774729780158
2022-11-21,20.542168828381882
2022-11-22,20.734144383024624
2022-11-23,20.420654832460006
2022-11-24,19.28797482064947
2022-11-25,20.21633025014511
2022-11-26,19.330758487527927
2022-11-27,19.607078410461106
2022-11-28,19.22226813067035
2022-11-29,20.106020760655074
2022-11-30,19.093964035520827
2022-12-01,18.835857263699204
2022-12-02,18.769425068925315
2022-12-03,18.416984853314414
2022-12-04,19.302180368186708
2022-12-05,18.69762441055957
2022-12-06,18.064654350330223
2022-12-07,19.232086306879708
2022-12-08,20.05442064830556
2022-12-09,19.451956817584957
2022-12-10,19.47136342363209
2022-12-11,20.556018593812166
2022-12-12,19.87835821625032
2022-12-13,19.38480967737018
2022-12-14,19.409174846607094
2022-12-15,17.365751472466222
2022-12-16,17.667260229754813
2022-12-17,17.47114137296872
2022-12-18,17.630300795357
2022-12-19,17.745844728516435
2022-12-20,18.629732530331037
2022-12-21,20.30600188720288
2022-12-22,18.652800313358345
2022-12-23,19.088152228373957
2022-12-24,18.99584302547826
2022-12-25,19.06429247076933
2022-12-26,19.188126677542154
2022-12-27,18.575009187184115
2022-12-28,18.595134704225035
2022-12-29,18.084597024291085
2022-12-30,18.42515616022281
2022-12-31,17.55336503287577
2023-01-01,18.16138441441834
2023-01-02,17.9697638624646
2023-01-03,17.579474628022112
2023-01-04,18.57681395634939
2023-01-05,16.919355894982882
2023-01-06,17.05290662910715
2023-01-07,17.227013313211916
2023-01-08,16.45277472598775
2023-01-09,17.766233406557298
2023-01-10,17.40992251338453
2023-01-11,17.121961427072645
2023-01-12,16.244524220274354
2023-01-13,16.643791739900156
2023-01-14,17.92496964943178
2023-01-15,18.645212244139568
2023-01-16,18.12834115575854
2023-01-17,17.843705722188545
2023-01-18,17.366711616251166
2023-01-19,16.345076319580247
2023-01-20,16.59125844125147
2023-01-21,17.560237801364245
2023-01-22,17.021442065864502
2023-01-23,16.886039250676916
2023-01-24,16.937265004724868
2023-01-25,17.47724422907616
2023-01-26,18.340916757928824
2023-01-27,18.549012132666558
2023-01-28,17.59926469977209
2023-01-29,17.74938100070495
2023-01-30,18.33348907922598
2023-01-31,18.091762458851278
2023-02-01,18.721553728147285
2023-02-02,18.29468122515219
2023-02-03,18.17396176445388
2023-02-04,17.961064265853278
2023-02-05,17.905981522336692
2023-02-06,17.849155811801552
2023-02-07,17.631536348003
2023-02-08,17.160283744935523
2023-02-09,17.35246320478629
2023-02-10,17.399513164440037
2023-02-11,18.613155926464152
2023-02-12,19.05827266255877
2023-02-13,17.93175020171646
2023-02-14,18.592319804922617
2023-02-15,17.84056598595246
2023-02-16,17.92499451979823
2023-02-17,18.103838395155805
2023-02-18,17.778779901637186
2023-02-19,18.163044118374238
2023-02-20,17.330448051881636
2023-02-21,17.37956810402836
2023-02-22,18.86694817639134
2023-02-23,17.624145222197942
2023-02-24,18.24423094380061
2023-02-25,17.675678331181132
2023-02-26,18.089762613816262
2023-02-27,18.279475716874543
2023-02-28,17.955981843658574
2023-03-01,19.203795439277656
2023-03-02,18.999104266805585
2023-03-03,19.02640717151308
2023-03-04,18.377603481142028
2023-03-05,18.137531669734116
2023-03-06,17.657248770345024
2023-03-07,18.91778381230156
2023-03-08,18.46714153824168
2023-03-09,17.591211260074445
2023-03-10,18.14008518520774
2023-03-11,19.93038638348438
2023-03-12,19.921076630787944
2023-03-13,19.820217683093276
2023-03-14,18.89423279311503
2023-03-15,19.236808587012256
2023-03-16,18.941518605915682
2023-03-17,20.215074055517757
2023-03-18,19.15300512791203
2023-03-19,18.47896305925325
2023-03-20,17.6252232489744
2023-03-21,17.430059307627563
2023-03-22,17.43759573125553
2023-03-23,17.91869495248328
2023-03-24,19.32595346914702
2023-03-25,19.062968667324178
2023-03-26,19.026177592189274
2023-03-27,18.559408080189204
2023-03-28,18.09817823985035
2023-03-29,18.00826503062498
2023-03-30,19.671347607862625
2023-03-31,19.099995978962887
2023-04-01,19.59887470345222
2023-04-02,18.98722965649667
2023-04-03,18.96912828440048
2023-04-04,17.799400054778374
2023-04-05,18.291594687515634
2023-04-06,19.20618674064246
2023-04-07,19.16626112585564
2023-04-08,20.06131805275489
2023-04-09,19.942481348216152
2023-04-10,20.15321794378682
2023-04-11,20.13927377997175
2023-04-12,20.850767782547308
2023-04-13,20.2357921411989
2023-04-14,20.23781152904767
2023-04-15,20.32927531224827
2023-04-16,20.698496047673103
2023-04-17,20.040635064352838
2023-04-18,20.314447632235275
2023-04-19,20.259312344654237
2023-04-20,19.96765986382072
2023-04-21,19.232049477502876
2023-04-22,19.35450718215103
2023-04-23,19.783187657678223
2023-04-24,19.344874237016523
2023-04-25,20.04311683680152
2023-04-26,21.117709757135085
2023-04-27,20.43373306551654
2023-04-28,20.867759885086777
2023-04-29,21.333429652026453
2023-04-30,21.768789096264832
2023-05-01,21.952349947157494
2023-05-02,22.065041413436322
2023-05-03,20.88166973849079
2023-05-04,20.948262362370503
2023-05-05,21.98859185691693
2023-05-06,22.989762385968486
2023-05-07,22.82015165895968
2023-05-08,23.733320611118344
2023-05-09,23.173460935489768
2023-05-10,22.95029732334216
2023-05-11,22.211180809137446
2023-05-12,22.902269371751487
2023-05-13,21.798392124891837
2023-05-14,22.032184654178348
2023-05-15,23.64503434124899
2023-05-16,23.715121819049216
2023-05-17,24.072854949414282
2023-05-18,23.229177274458905
2023-05-19,22.884637200162754
2023-05-20,22.673974513937935
2023-05-21,23.27039177518899
2023-05-22,23.51993694900724
2023-05-23,23.081449822662446
2023-05-24,23.512655706467818
2023-05-25,22.913344529797794
2023-05-26,22.085270107928793
2023-05-27,23.441407934640402
2023-05-28,24.572026899029893
2023-05-29,23.275176420004826
2023-05-30,23.358792936215345
2023-05-31,23.03251630926885
2023-06-01,23.17139758108944
2023-06-02,22.814175598854536
2023-06-03,23.092608194853426
2023-06-04,24.121521503847756
2023-06-05,24.699188543432633
2023-06-06,23.96509831040423
2023-06-07,25.53579297580546
2023-06-08,25.745217713656544
2023-06-09,25.35366906460589
2023-06-10,24.324851310294328
2023-06-11,25.164067471814604
2023-06-12,24.155048722289244
2023-06-13,26.190851223939593
2023-06-14,24.327213132444292
2023-06-15,24.80585743145897
2023-06-16,25.645894505424625
2023-06-17,26.456052313457356
2023-06-18,25.510913443665416
2023-06-19,24.48201125368171
2023-06-20,23.422309577341597
2023-06-21,24.367239182080002
2023-06-22,24.306167895750832
2023-06-23,24.779826453298213
2023-06-24,24.981631422947004
2023-06-25,25.858525349288186
2023-06-26,26.220309499333773
2023-06-27,26.22328263241178
2023-06-28,26.38590489780712
2023-06-29,25.961219457133588
2023-06-30,26.055733089219977
2023-07-01,25.724813161254062
2023-07-02,26.97462192339625
2023-07-03,26.84686757371071
2023-07-04,26.69545631361216
2023-07-05,27.341627325412894
2023-07-06,26.678573675549494
2023-07-07,26.901605888967335
2023-07-08,25.855541622529806
2023-07-09,26.41994213705025
2023-07-10,26.61415335442831
2023-07-11,27.16804649757909
2023-07-12,27.88171717239204
2023-07-13,27.21813480146448
2023-07-14,28.076443842516873
2023-07-15,27.70005493485477
2023-07-16,27.793992492592473
2023-07-17,27.727676197629297
2023-07-18,28.010946282917477
2023-07-19,27.962926820154376
2023-07-20,27.404358368995837
2023-07-21,28.44846012880767
2023-07-22,27.920288415901354
2023-07-23,27.46042857027572
2023-07-24,27.729932576891713
2023-07-25,27.354938513812208
2023-07-26,27.681778181929417
2023-07-27,27.523034003493315
2023-07-28,26.803454276853877
2023-07-29,27.375097581203622
2023-07-30,27.214895993414824
2023-07-31,29.12356544374763
2023-08-01,27.853314900519397
2023-08-02,28.277152199782904
2023-08-03,28.788221074284564
2023-08-04,28.18409861820192
2023-08-05,27.655405072204204
2023-08-06,27.978193227173925
2023-08-07,27.707709935362843
2023-08-08,27.5055609000229
2023-08-09,27.5657046853559
2023-08-10,28.314108671330146
2023-08-11,29.077583979151616
2023-08-12,28.98329015644122
2023-08-13,28.50835598702098
2023-08-14,28.76136659337652
2023-08-15,27.708617448643388
2023-08-16,27.144042984033703
2023-08-17,27.724813590657565
2023-08-18,27.875340830421127
2023-08-19,27.89538857859
2023-08-20,28.74988474035575
2023-08-21,27.508277789239777
2023-08-22,27.180362187268056
2023-08-23,28.290497462852272
2023-08-24,28.393333294942558
2023-08-25,27.661517881175467
2023-08-26,28.862534805874894
2023-08-27,27.896733377484832
2023-08-28,28.342914891429714
2023-08-29,27.897820719809392
2023-08-30,28.03733978031167
2023-08-31,27.673581328868075
2023-09-01,27.10908935190168
2023-09-02,26.67540644200315
2023-09-03,26.56857791195542
2023-09-04,26.728394671420958
2023-09-05,26.743740906380616
2023-09-06,26.430671072218434
2023-09-07,26.319597103380275
2023-09-08,25.982161071108795
2023-09-09,25.97418575117257
2023-09-10,26.811621019303885
2023-09-11,26.30385783461139
2023-09-12,25.997305615696522
2023-09-13,26.38456626178445
2023-09-14,25.99426303489981
2023-09-15,25.783840387418923
2023-09-16,24.95206402898001
2023-09-17,26.100222167473213
2023-09-18,26.06546741174221
2023-09-19,25.852510182751974
2023-09-20,26.202037936041535
2023-09-21,25.57285810537371
2023-09-22,25.19936999802333
2023-09-23,25.262450131067848
2023-09-24,25.631117364087928
2023-09-25,25.370570935084963
2023-09-26,25.584704660518284
2023-09-27,25.647245224353416
2023-09-28,25.044389248853065
2023-09-29,24.66166337981044
2023-09-30,23.865139782317804
2023-10-01,25.022233837568407
2023-10-02,25.148043081785932
2023-10-03,25.958737428447503
2023-10-04,23.91687173063609
2023-10-05,24.30190038693713
2023-10-06,24.019617741581587
2023-10-07,24.857948860921066
2023-10-08,24.810104710604996
2023-10-09,24.63396056682668
2023-10-10,23.95014389728401
2023-10-11,24.557120932528562
2023-10-12,23.65039762948811
2023-10-13,24.519452473782067
2023-10-14,23.424867363601486
2023-10-15,23.45937356621252
2023-10-16,22.892637412659028
2023-10-17,23.519107288430305
2023-10-18,24.219445396988256
2023-10-19,22.620741924188756
2023-10-20,23.012507967373082
2023-10-21,22.48622480896876
2023-10-22,22.442819789094052
2023-10-23,21.531980233153874
2023-10-24,22.782816792635373
2023-10-25,22.88409743208124
2023-10-26,23.456192972557552
2023-10-27,23.369855027277193
2023-10-28,21.765788319482517
2023-10-29,21.492275617415565
2023-10-30,22.55800773628939
2023-10-31,21.796130640462106
2023-11-01,23.146308418463235
2023-11-02,22.618447742842335
2023-11-03,22.035994152191076
2023-11-04,22.201357008462345
2023-11-05,22.879734507567996
2023-11-06,21.043045977863336
2023-11-07,21.05687517937364
2023-11-08,21.086093324868592
2023-11-09,21.87885700202279
2023-11-10,21.92981158061632
2023-11-11,21.93609509729714
2023-11-12,21.420158971067668
2023-11-13,21.929869892186417
2023-11-14,21.006411371484482
2023-11-15,21.149212811184363
2023-11-16,20.553287328520273
2023-11-17,20.659720516837613
2023-11-18,20.468496339435244
2023-11-19,20.7476490570186
2023-11-20,20.221110600885837
2023-11-21,20.75390051788693
2023-11-22,21.009703565811858
2023-11-23,20.514084706400098
2023-11-24,19.54374092996794
2023-11-25,20.440857358759335
2023-11-26,19.581398377934022
2023-11-27,19.820830834100462
2023-11-28,19.43346925649991
2023-11-29,20.381115213248624
2023-11-30,19.187005932574856
2023-12-01,19.09132070826268
2023-12-02,18.993740758618394
2023-12-03,18.667507690270007
2023-12-04,19.51591030166573
2023-12-05,18.908894862669083
2023-12-06,18.339904317425635
2023-12-07,19.32536154529462
2023-12-08,20.310184396023306
2023-12-09,19.67662670802896
2023-12-10,19.722279467009876
2023-12-11,20.770164447671576
2023-12-12,20.09005008368493
2023-12-13,19.66046891209276
2023-12-14,19.502829659196507
2023-12-15,17.621848174471012
2023-12-16,17.89220065676325
2023-12-17,17.722251347287667
2023-12-18,17.84455183588663
2023-12-19,17.957543333298084
2023-12-20,18.90529309954642
2023-12-21,20.39944867129938
2023-12-22,18.908578815514826
2023-12-23,19.31266669726773
2023-12-24,19.24642489638047
2023-12-25,19.27792196252246
2023-12-26,19.399121873492945
2023-12-27,18.849798672980814
2023-12-28,18.687759154720453
2023-12-29,18.339520178520583
2023-12-30,18.64880183213886
2023-12-31,17.80308502917918
2024-01-01,18.37417958161815
2024-01-02,18.179972606628628
2024-01-03,17.853544995925173
2024-01-04,18.668804685996147
2024-01-05,17.173746889708404
2024-01-06,17.276135517236984
2024-01-07,17.47644297755768
2024-01-08,16.665414036536685
2024-01-09,17.97642550898353
2024-01-10,17.684116768940374
2024-01-11,17.21421441616556
2024-01-12,16.499310265614653
2024-01-13,16.867539610164144
2024-01-14,18.175030323993006
2024-01-15,18.858579965929284
2024-01-16,18.339342116150682
2024-01-17,18.11877046255669
2024-01-18,17.459876545731486
2024-01-19,16.600794790622963
2024-01-20,16.815938028495744
2024-01-21,17.81120864831218
2024-01-22,17.23567851007353
2024-01-23,17.09784905529022
2024-01-24,17.213062265602787
2024-01-25,17.57105134278244
2024-01-26,18.597175879426516
2024-01-27,18.77412275741529
2024-01-28,17.85055222606704
2024-01-29,17.963818476789065
2024-01-30,18.545386459444316
2024-01-31,18.367539437277387
2024-02-01,18.81524153687952
2024-02-02,18.550733830767484
2024-02-03,18.398793104536736
2024-02-04,18.212016391031522
2024-02-05,18.1200458600626
2024-02-06,18.060661889626722
2024-02-07,17.906924059660525
2024-02-08,17.253604562293255
2024-02-09,17.608190785555777
2024-02-10,17.62408001403393
2024-02-11,18.86392099551827
2024-02-12,19.272242111599628
2024-02-13,18.143265684700545
2024-02-14,18.86783036727678
2024-02-15,17.934128990483973
2024-02-16,18.18108605838723
2024-02-17,18.32888985011718
2024-02-18,18.030145541115864
2024-02-19,18.377721957346054
2024-02-20,17.542768327848968
2024-02-21,17.655965457732364
2024-02-22,18.961462943105655
2024-02-23,17.881234281419296
2024-02-24,18.47030477914258
2024-02-25,17.928069171086463
2024-02-26,18.305445869671672
2024-02-27,18.492759051760313
2024-02-28,18.23327794583376
2024-02-29,19.244142763404096
2024-03-01,19.25690293333257
2024-03-02,19.253069765656207
2024-03-03,18.630448136259005
2024-03-04,18.353522744385273
2024-03-05,17.870686200944803
2024-03-06,19.195076081779234
2024-03-07,18.562307645288925
2024-03-08,17.848692118937986
2024-03-09,18.366281093574884
2024-03-10,20.18262541880772
2024-03-11,20.136336185598573
2024-03-12,20.03281347091099
2024-03-13,19.170591401809503
2024-03-14,19.33096897608192
2024-03-15,19.197942990981016
2024-03-16,20.440184832003848
2024-03-17,19.404152709351767
2024-03-18,18.69314685608388
2024-03-19,17.836780134546782
2024-03-20,17.70543566278841
2024-03-21,17.530848477417898
2024-03-22,18.17430202855508
2024-03-23,19.550350414610506
2024-03-24,19.31351619524946
2024-03-25,19.23988238411785
2024-03-26,18.770611153366172
2024-03-27,18.373326979421403
2024-03-28,18.101414295532386
2024-03-29,19.92697036220325
2024-03-30,19.32452010524473
2024-03-31,19.849650873552864
2024-04-01,19.201252482524797
2024-04-02,19.18072508860963
2024-04-03,18.075003338684045
2024-04-04,18.38524369566909
2024-04-05,19.462338557146985
2024-04-06,19.39132794637515
2024-04-07,20.31263549454066
2024-04-08,20.157030007854274
2024-04-09,20.365312530464024
2024-04-10,20.415335894530237
2024-04-11,20.94482772963119
2024-04-12,20.492300206403932
2024-04-13,20.463175359763284
2024-04-14,20.580828262887593
2024-04-15,20.913218699409025
2024-04-16,20.252844249796333
2024-04-17,20.590569040064647
2024-04-18,20.353382098202182
2024-04-19,20.224135513943633
2024-04-20,19.457347058302258
2024-04-21,19.605969201257153
2024-04-22,19.997804243032657
2024-04-23,19.556971782826906
2024-04-24,20.31913023598577
2024-04-25,21.21168362623155
2024-04-26,20.690132413679322
2024-04-27,21.09300688599923
2024-04-28,21.58487139937744
2024-04-29,21.983418572050574
2024-04-30,22.16449455100811
2024-05-01,22.341135143820733
2024-05-02,20.975754433248387
2024-05-03,21.204798449548477
2024-05-04,22.213995272030022
2024-05-05,23.241372531608373
2024-05-06,23.034952629477836
2024-05-07,23.945630022395633
2024-05-08,23.44970244108942
2024-05-09,23.044502213863787
2024-05-10,22.46779913435207
2024-05-11,23.12770722984713
2024-05-12,22.049979982921514
2024-05-13,22.246898910915036
2024-05-14,23.857186461618866
2024-05-15,23.991131111601508
2024-05-16,24.166750375092523
2024-05-17,23.485408719281622
2024-05-18,23.10961285092903
2024-05-19,22.925029197774986
2024-05-20,23.484508472897147
2024-05-21,23.731435812206442
2024-05-22,23.35676076906384
2024-05-23,23.605819986382816
2024-05-24,23.1688257031442
2024-05-25,22.309491079135487
2024-05-26,23.691718915921378
2024-05-27,24.78542652274074
2024-05-28,23.486000341592714
2024-05-29,23.633486014045957
2024-05-30,23.1251337664577
2024-05-31,23.500585155454605
2024-06-01,23.038028008801913
2024-06-02,23.34265412859468
2024-06-03,24.334766259179492
2024-06-04,24.909971993736132
2024-06-05,24.23986695808851
2024-06-06,25.628601057172833
2024-06-07,26.00053780792095
2024-06-08,25.577928865239308
2024-06-09,24.57540143695584
2024-06-10,25.377902548109404
2024-06-11,24.366496062061685
2024-06-12,26.466343210160797
2024-06-13,24.420788688296078
2024-06-14,25.061973025918732
2024-06-15,25.870961340266895
2024-06-16,26.70740455815947
2024-06-17,25.725529731537925
2024-06-18,24.69420377017836
2024-06-19,23.6984968134132
2024-06-20,24.461447741809607
2024-06-21,24.562843791393167
2024-06-22,25.005372526861976
2024-06-23,25.233375754680203
2024-06-24,26.073442862073605
2024-06-25,26.432711087570812
2024-06-26,26.499587887854375
2024-06-27,26.48014382319746
2024-06-28,26.21784360428534
2024-06-29,26.281152766036925
2024-06-30,25.976365575033636
2024-07-01,27.189292477847545
2024-07-02,27.058978657843685
2024-07-03,26.97143966542802
2024-07-04,27.435525372254208
2024-07-05,26.934850298994053
2024-07-06,27.126683269882257
2024-07-07,26.10676804430478
2024-07-08,26.634312974346862
2024-07-09,26.825999594459635
2024-07-10,27.443806884374904
2024-07-11,27.97543938190292
2024-07-12,27.47428609968178
2024-07-13,28.3014478846781
2024-07-14,27.951259584327456
2024-07-15,28.008390885448772
2024-07-16,27.939595396761803
2024-07-17,28.286819607245874
2024-07-18,28.05679525030925
2024-07-19,27.660681473812705
2024-07-20,28.673653161746408
2024-07-21,28.171690450192397
2024-07-22,27.67502388848512
2024-07-23,27.942039648219033
2024-07-24,27.63098263427615
2024-07-25,27.77579316884204
2024-07-26,27.77947337934318
2024-07-27,27.028728583521527
2024-07-28,27.626542686404804
2024-07-29,27.42949459964867
2024-07-30,29.335636129316047
2024-07-31,28.129284765781513
2024-08-01,28.371058509904373
2024-08-02,29.044522335278895
2024-08-03,28.409211730649037
2024-08-04,27.906673429670043
2024-08-05,28.192607976248595
2024-08-06,27.919598734820582
2024-08-07,27.781360261257483
2024-08-08,27.659461295126768
2024-08-09,28.570290143844275
2024-08-10,29.3026156922223
2024-08-11,29.234523049112177
2024-08-12,28.722787545080312
2024-08-13,28.97332936934201
2024-08-14,27.984551206206483
2024-08-15,27.23799587452254
2024-08-16,27.98125281357724
2024-08-17,28.10068943616485
2024-08-18,28.146993292106657
2024-08-19,28.96473703209621
2024-08-20,27.720702537665183
2024-08-21,27.45679001899505
2024-08-22,28.384966172390534
2024-08-23,28.650298788956675
2024-08-24,27.887391296969525
2024-08-25,29.11465067343279
2024-08-26,28.112071041206267
2024-08-27,28.555787525202042
2024-08-28,28.174648010747646
2024-08-29,28.13214967258289
2024-08-30,27.930821262530333
2024-08-31,27.262843632071412
2024-09-01,26.92764463105979
2024-09-02,26.783956375763395
2024-09-03,26.94122571284
2024-09-04,27.02044547957042
2024-09-05,26.5252804991146
2024-09-06,26.57656422250433
2024-09-07,26.207897461624178
2024-09-08,26.22602989771357
2024-09-09,27.026559633003043
2024-09-10,26.516214666408914
2024-09-11,26.273513842769038
2024-09-12,26.47866984696151
2024-09-13,26.25072750512478
2024-09-14,26.00908968529603
2024-09-15,25.203448314168376
2024-09-16,26.314738794375756
2024-09-17,26.277449430031794
2024-09-18,26.128398451165317
2024-09-19,26.295882257715856
2024-09-20,25.829127837776532
2024-09-21,25.4244907968422
2024-09-22,25.513771708339437
2024-09-23,25.845634488592136
2024-09-24,25.582612021132626
2024-09-25,25.860704033155308
2024-09-26,25.741244464930368
2024-09-27,25.300848067864038
2024-09-28,24.88699666860351
2024-09-29,24.116685714781468
2024-09-30,25.23697523951225
2024-10-01,25.360296403004046
2024-10-02,26.234925393855455
2024-10-03,24.011025062648837
2024-10-04,24.558469034411207
2024-10-05,24.245008255908424
2024-10-06,25.10949278024752
2024-10-07,25.02478016097319
2024-10-08,24.8460814077845
2024-10-09,24.226132482621605
2024-10-10,24.651009874471438
2024-10-11,23.90664099986654
2024-10-12,24.74446308303209
2024-10-13,23.67598498095591
2024-10-14,23.67358629428069
2024-10-15,23.104270550277786
2024-10-16,23.79459576050814
2024-10-17,24.3128351492568
2024-10-18,22.876500727189573
2024-10-19,23.23706228218619
2024-10-20,22.73692759066527
2024-10-21,22.656671453136266
2024-10-22,21.743317131285707
2024-10-23,23.058083288727808
2024-10-24,22.977346986751858
2024-10-25,23.711898690597543
2024-10-26,23.594446328645102
2024-10-27,22.01661861592147
2024-10-28,21.70634322483219
2024-10-29,22.769644371414444
2024-10-30,22.071773592426428
2024-10-31,23.240001801986676
2024-11-01,22.874653282756256
2024-11-02,22.261128153688265
2024-11-03,22.452758386866456
2024-11-04,23.09438609784172
2024-11-05,21.255263461082492
2024-11-06,21.333079704448778
2024-11-07,21.180313219170305
2024-11-08,22.135539007270978
2024-11-09,22.155358255151402
2024-11-10,22.187833245706454
2024-11-11,21.6350613094338
2024-11-12,22.142244275422996
2024-11-13,21.282673651826496
2024-11-14,21.243388714075618
2024-11-15,20.809823776902252
2024-11-16,20.88502304180126
2024-11-17,20.719897437390667
2024-11-18,20.962129703173368
2024-11-19,20.43298924937603
2024-11-20,21.029605663716538
2024-11-21,21.103275263023537
2024-11-22,20.76998548348628
2024-11-23,19.76839275206575
2024-11-24,20.691609509591053
2024-11-25,19.795248484967154
2024-11-26,20.032113381415172
2024-11-27,19.708627674744264
2024-11-28,20.4742029549608
2024-11-29,19.44249698699414
2024-11-30,19.36877779363254
2024-12-01,19.244256616416777
2024-12-02,18.881215360971392
2024-12-03,19.727145203124273
2024-12-04,19.184098412279035
2024-12-05,18.433125049225175
2024-12-06,19.581065752022838
2024-12-07,20.53479295454047
2024-12-08,19.92748296602715
2024-12-09,19.936370415367065
2024-12-10,20.981809519701915
2024-12-11,20.365673663353203
2024-12-12,19.754101948309938
2024-12-13,19.75892082556386
2024-12-14,17.84680121806891
2024-12-15,18.143342798833892
2024-12-16,17.93655494526704
2024-12-17,18.056323633738437
2024-12-18,18.233197368958436
2024-12-19,18.998852654721738
2024-12-20,20.65535769289458
2024-12-21,19.133239444237596
2024-12-22,19.5634077605226
2024-12-23,19.460223571639833
2024-12-24,19.48909293745262
2024-12-25,19.674090073577496
2024-12-26,18.94260094639912
2024-12-27,18.94285535072212
2024-12-28,18.56333026408464
2024-12-29,18.898673915275303
2024-12-30,18.01601650802382
2024-12-31,17.989134771112646
