fecha,tmin
2019-01-01,10.041310370490498
2019-01-02,9.311816834391369
2019-01-03,9.241929492851755
2019-01-04,9.649535579037314
2019-01-05,9.723697125677635
2019-01-06,9.328639436764886
2019-01-07,8.625906209142183
2019-01-08,8.959678016306576
2019-01-09,8.934950861064568
2019-01-10,9.51319798105552
2019-01-11,9.996524347483021
2019-01-12,9.912386097553153
2019-01-13,8.999804032989392
2019-01-14,8.777495008185724
2019-01-15,9.25465417586632
2019-01-16,9.603822096283722
2019-01-17,10.739140571499554
2019-01-18,10.091106482120871
2019-01-19,9.546194532509933
2019-01-20,9.37790391173756
2019-01-21,10.168303185624316
2019-01-22,10.04393600734182
2019-01-23,10.79136981846205
2019-01-24,10.90811010365774
2019-01-25,10.807727664594408
2019-01-26,10.870491606698756
2019-01-27,10.41800994787452
2019-01-28,10.262078357816787
2019-01-29,10.869028292696564
2019-01-30,11.36184268689417
2019-01-31,11.791839514483488
2019-02-01,10.695316145305888
2019-02-02,10.244120481812779
2019-02-03,10.241491913234386
2019-02-04,9.780703752695887
2019-02-05,9.8542257254036
2019-02-06,10.402967055883693
2019-02-07,10.23323103198891
2019-02-08,10.644562891435653
2019-02-09,11.419952926928222
2019-02-10,11.01456793544524
2019-02-11,11.40168837737113
2019-02-12,12.017776778382576
2019-02-13,12.136163179129662
2019-02-14,11.796017445796597
2019-02-15,12.473849452367096
2019-02-16,11.326979993762638
2019-02-17,11.366522706777298
2019-02-18,11.291704082448444
2019-02-19,11.239659100126849
2019-02-20,11.545481617346294
2019-02-21,11.322601077909047
2019-02-22,10.699574307345504
2019-02-23,10.678728512582172
2019-02-24,11.161058157629006
2019-02-25,11.34218467720419
2019-02-26,11.353690830197651
2019-02-27,11.6129140437286
2019-02-28,10.29796406362992
2019-03-01,10.302814163492208
2019-03-02,11.464501963139597
2019-03-03,11.346164467074159
2019-03-04,11.415649627039848
2019-03-05,10.910093659227003
2019-03-06,11.601626733055687
2019-03-07,11.42392510311684
2019-03-08,11.282892028790569
2019-03-09,10.432824713769106
2019-03-10,11.302694946120678
2019-03-11,11.421086109209742
2019-03-12,11.757212924106124
2019-03-13,12.281812429510875
2019-03-14,12.244904160280829
2019-03-15,11.69397027991467
2019-03-16,12.00123729116641
2019-03-17,12.140456024789934
2019-03-18,12.355871378955628
2019-03-19,12.975443373309565
2019-03-20,12.354556795130437
2019-03-21,11.987565904570006
2019-03-22,11.565177410188875
2019-03-23,12.40689279730553
2019-03-24,12.30155086309717
2019-03-25,12.794326535472594
2019-03-26,12.852742375285493
2019-03-27,12.327300992435447
2019-03-28,13.761580534837675
2019-03-29,13.362866631950231
2019-03-30,12.320987671715837
2019-03-31,12.79376273971621
2019-04-01,13.229450428480995
2019-04-02,12.154397018163191
2019-04-03,11.430492083395873
2019-04-04,11.791861137308711
2019-04-05,12.949950998763244
2019-04-06,12.254376909794592
2019-04-07,12.522835913616687
2019-04-08,13.535566300289231
2019-04-09,12.963233121173376
2019-04-10,13.247331676873616
2019-04-11,12.912569363791519
2019-04-12,13.141982237002358
2019-04-13,14.146002517645101
2019-04-14,13.925704914875581
2019-04-15,13.880843204578838
2019-04-16,14.25283341637627
2019-04-17,14.447350650325912
2019-04-18,14.66450001223691
2019-04-19,13.935466675012151
2019-04-20,13.894609720858561
2019-04-21,13.262008585078059
2019-04-22,13.706253824621133
2019-04-23,13.424099121050842
2019-04-24,13.914589798318943
2019-04-25,14.049433186792005
2019-04-26,13.857800224620828
2019-04-27,14.167058315860116
2019-04-28,13.679950660056765
2019-04-29,13.967122186617464
2019-04-30,13.86221318108108
2019-05-01,13.685818436312644
2019-05-02,14.658606822131839
2019-05-03,14.571598587544157
2019-05-04,15.032658683724437
2019-05-05,14.594783069096366
2019-05-06,15.15234352223557
2019-05-07,16.005323952027616
2019-05-08,16.30514857690492
2019-05-09,16.205047079679964
2019-05-10,16.53163686344059
2019-05-11,16.300468924942802
2019-05-12,16.163000217940443
2019-05-13,15.54517689586963
2019-05-14,15.076200776133943
2019-05-15,15.126305837775824
2019-05-16,16.37927224850415
2019-05-17,16.293967614280724
2019-05-18,16.007692114052546
2019-05-19,15.75211812080899
2019-05-20,15.991647150141288
2019-05-21,15.94066453299613
2019-05-22,16.240569605907115
2019-05-23,16.533682664031055
2019-05-24,16.270222325360677
2019-05-25,16.72761319717936
2019-05-26,16.44306320916877
2019-05-27,16.958888152511474
2019-05-28,17.03431848416048
2019-05-29,17.436086086629942
2019-05-30,17.438169018553772
2019-05-31,17.216843625881896
2019-06-01,17.322943669800573
2019-06-02,16.980659039975173
2019-06-03,17.017131199656802
2019-06-04,16.91025200052501
2019-06-05,17.818775605320738
2019-06-06,17.313136476264212
2019-06-07,18.182655319770767
2019-06-08,18.343830291101465
2019-06-09,18.139417847973004
2019-06-10,17.382321240096978
2019-06-11,17.767573530044636
2019-06-12,17.5384158237067
2019-06-13,18.308165966691668
2019-06-14,17.810716173889958
2019-06-15,17.955154225721326
2019-06-16,18.213595082410045
2019-06-17,18.068514167194078
2019-06-18,18.147496173661658
2019-06-19,17.83526330254395
2019-06-20,17.832089573605025
2019-06-21,17.120087073153726
2019-06-22,16.84868887039714
2019-06-23,18.005616129605954
2019-06-24,18.79126823653604
2019-06-25,18.900956793941333
2019-06-26,19.06409512604328
2019-06-27,18.603193539346268
2019-06-28,18.61438253159669
2019-06-29,18.8610459814561
2019-06-30,18.67598728364095
2019-07-01,18.915917064682404
2019-07-02,19.137775027835648
2019-07-03,19.52008820562799
2019-07-04,19.61633124067064
2019-07-05,19.87786449844408
2019-07-06,19.61546364979408
2019-07-07,19.80300977096003
2019-07-08,18.953392948941712
2019-07-09,19.41053261339679
2019-07-10,19.714582914711777
2019-07-11,20.443482027791983
2019-07-12,20.343000873676836
2019-07-13,20.42429029277323
2019-07-14,20.20070904335235
2019-07-15,20.690670443316087
2019-07-16,20.665785128536008
2019-07-17,21.145529960204478
2019-07-18,21.091565639684244
2019-07-19,20.89265353990266
2019-07-20,20.809117854131234
2019-07-21,20.733961688352004
2019-07-22,21.03200438075459
2019-07-23,20.27414010437183
2019-07-24,20.770750413343375
2019-07-25,20.79646253885938
2019-07-26,20.38158913840354
2019-07-27,20.312726398457713
2019-07-28,19.941472250414183
2019-07-29,20.03560446595014
2019-07-30,20.53921535132391
2019-07-31,21.67878545946725
2019-08-01,21.362421210763344
2019-08-02,20.678829231744697
2019-08-03,21.384827914655574
2019-08-04,20.468077515016088
2019-08-05,21.188122977484497
2019-08-06,21.114724072412336
2019-08-07,21.309616409184848
2019-08-08,21.24214098276738
2019-08-09,21.585225098879874
2019-08-10,21.824109051300496
2019-08-11,22.19953086761588
2019-08-12,22.338880566445752
2019-08-13,22.11007725597997
2019-08-14,21.48579051786483
2019-08-15,20.937164529050115
2019-08-16,20.93318598855236
2019-08-17,20.41376066225757
2019-08-18,20.677842033097686
2019-08-19,20.901527496672465
2019-08-20,21.869468969027768
2019-08-21,21.013257253229582
2019-08-22,22.0116816679212
2019-08-23,22.301464587937595
2019-08-24,22.217559000450052
2019-08-25,21.93532928489956
2019-08-26,22.376704638487375
2019-08-27,22.205717507095947
2019-08-28,22.1613925134902
2019-08-29,21.421233218008613
2019-08-30,21.431873691135632
2019-08-31,21.86608955645397
2019-09-01,21.333302153655026
2019-09-02,21.016428298067943
2019-09-03,20.28849782446661
2019-09-04,20.03327815140672
2019-09-05,20.446327804849275
2019-09-06,21.077318764575317
2019-09-07,21.175565289884993
2019-09-08,20.289353417471823
2019-09-09,20.680075974791855
2019-09-10,19.980793736694643
2019-09-11,19.784505415582473
2019-09-12,19.8785695835506
2019-09-13,20.537657214268876
2019-09-14,20.85408606146789
2019-09-15,20.76644596787382
2019-09-16,19.458739308717632
2019-09-17,19.499772244482777
2019-09-18,20.006305129969522
2019-09-19,19.93613404359427
2019-09-20,20.14401789583796
2019-09-21,19.96050633892446
2019-09-22,19.688199385766396
2019-09-23,19.065965962496897
2019-09-24,19.451518035822417
2019-09-25,18.585481280363123
2019-09-26,18.891880542505895
2019-09-27,18.420398916385892
2019-09-28,18.215344418404488
2019-09-29,17.711217429107716
2019-09-30,18.096670745697512
2019-10-01,17.741365108499796
2019-10-02,18.069342644787888
2019-10-03,17.697426300987306
2019-10-04,17.22256846709462
2019-10-05,16.647392641861234
2019-10-06,17.450960043981638
2019-10-07,17.644166732960883
2019-10-08,17.68633223536135
2019-10-09,18.065093629314717
2019-10-10,18.409178889416776
2019-10-11,18.35974783718755
2019-10-12,17.846144745246793
2019-10-13,17.362298991577006
2019-10-14,17.438447358380508
2019-10-15,16.145301937768977
2019-10-16,15.650138528815614
2019-10-17,16.772023803766075
2019-10-18,17.004142517152985
2019-10-19,16.84990263942783
2019-10-20,16.121080646192755
2019-10-21,15.501725186511708
2019-10-22,15.795248873903413
2019-10-23,15.993774560161185
2019-10-24,15.872033366740972
2019-10-25,15.97040079331198
2019-10-26,15.520055452337415
2019-10-27,15.561304013313705
2019-10-28,14.597956064776344
2019-10-29,14.238308393071748
2019-10-30,15.82603500931323
2019-10-31,16.36678792955943
2019-11-01,15.965439746222533
2019-11-02,15.732952129689512
2019-11-03,15.217944157247947
2019-11-04,14.645869363749096
2019-11-05,14.960535254246668
2019-11-06,14.180397860404334
2019-11-07,13.926451687877048
2019-11-08,13.572242973959717
2019-11-09,13.586202026670207
2019-11-10,14.02568229508763
2019-11-11,14.706167918098041
2019-11-12,14.665616422298768
2019-11-13,14.797568752031273
2019-11-14,14.06448316949895
2019-11-15,13.500175009252544
2019-11-16,13.36863366659725
2019-11-17,13.849442655615713
2019-11-18,13.8840593559241
2019-11-19,13.148913808926844
2019-11-20,12.775775076487168
2019-11-21,13.18626073515589
2019-11-22,14.25348065968387
2019-11-23,12.666708421256839
2019-11-24,11.518050233754579
2019-11-25,12.053915250103094
2019-11-26,11.9490537837277
2019-11-27,11.533838067502334
2019-11-28,11.348467034026015
2019-11-29,12.287835674367726
2019-11-30,12.213406912902288
2019-12-01,12.050076642414602
2019-12-02,11.524926488269651
2019-12-03,11.341482575992648
2019-12-04,11.675548804231386
2019-12-05,12.003416837830889
2019-12-06,11.242692600286794
2019-12-07,11.437819550720778
2019-12-08,12.34457182896753
2019-12-09,12.35153538205707
2019-12-10,11.402310362362414
2019-12-11,11.90345893269001
2019-12-12,12.333780033837774
2019-12-13,12.672477903596478
2019-12-14,11.656801378462681
2019-12-15,11.425652793323925
2019-12-16,11.617600452189826
2019-12-17,11.931722304522115
2019-12-18,10.797156298652151
2019-12-19,11.476527010582503
2019-12-20,11.3667420333499
2019-12-21,12.130063323596
2019-12-22,12.216060457580685
2019-12-23,11.10357199288223
2019-12-24,10.873261511952489
2019-12-25,11.34488986552533
2019-12-26,11.509161912950644
2019-12-27,12.391769108552651
2019-12-28,11.18781604705644
2019-12-29,11.61988264371506
2019-12-30,11.007714678179944
2019-12-31,9.96894081633056
2020-01-01,10.269121821692968
2020-01-02,9.700765821985947
2020-01-03,9.40024188678953
2020-01-04,9.840914845716007
2020-01-05,9.813654355693945
2020-01-06,9.481638813087645
2020-01-07,8.780514017948182
2020-01-08,9.18805920204306
2020-01-09,9.324488995792708
2020-01-10,9.672109655837847
2020-01-11,10.18850397953115
2020-01-12,10.0029361582221
2020-01-13,9.153380701931875
2020-01-14,8.932657351494077
2020-01-15,9.483560845930922
2020-01-16,9.993851420245567
2020-01-17,10.8985050336256
2020-01-18,10.28349759217594
2020-01-19,9.637113084369384
2020-01-20,9.531805637533832
2020-01-21,10.32374790403256
2020-01-22,10.273084265252365
2020-01-23,11.181602895135951
2020-01-24,11.067644385528293
2020-01-25,11.000259386124748
2020-01-26,10.96152696530387
2020-01-27,10.572010602254757
2020-01-28,10.417610412539961
2020-01-29,11.098258772567458
2020-01-30,11.752159374443753
2020-01-31,11.951465162786008
2020-02-01,10.887953065331354
2020-02-02,10.335280515721081
2020-02-03,10.395641805930993
2020-02-04,9.936414026936365
2020-02-05,10.083667065892946
2020-02-06,10.79353007700915
2020-02-07,10.393140442133076
2020-02-08,10.837522053208763
2020-02-09,11.511473824317363
2020-02-10,11.169116559260528
2020-02-11,11.557833632889007
2020-02-12,12.247686918826487
2020-02-13,12.527225637519305
2020-02-14,11.956453075751943
2020-02-15,12.667357174683078
2020-02-16,11.419066857167794
2020-02-17,11.521649371674652
2020-02-18,11.44843382903528
2020-02-19,11.470154362201676
2020-02-20,11.937123912203738
2020-02-21,11.483605341053464
2020-02-22,10.893633627284736
2020-02-23,10.771344272883608
2020-02-24,11.31668559415307
2020-02-25,11.499381951351147
2020-02-26,11.58461561947355
2020-02-27,12.004943519206053
2020-02-28,10.45930926468529
2020-02-29,10.394621063983266
2020-03-01,11.557356441598037
2020-03-02,11.50197567847341
2020-03-03,11.572973892718371
2020-03-04,11.14108736574266
2020-03-05,11.993666315709728
2020-03-06,11.585221423142913
2020-03-07,11.477135140577705
2020-03-08,10.525514030375799
2020-03-09,11.458284811990975
2020-03-10,11.578134881771287
2020-03-11,11.987879565964054
2020-03-12,12.673476480039914
2020-03-13,12.40578010394133
2020-03-14,11.887752294671529
2020-03-15,12.093429392615706
2020-03-16,12.295517611979465
2020-03-17,12.512366282720002
2020-03-18,13.205536408017814
2020-03-19,12.74563368400783
2020-03-20,12.147847587245503
2020-03-21,11.758364727808605
2020-03-22,12.498496562649667
2020-03-23,12.456037324023473
2020-03-24,12.950266333147004
2020-03-25,13.082306999091893
2020-03-26,12.717882603069308
2020-03-27,13.921406165913819
2020-03-28,13.555642767483826
2020-03-29,12.412230209175156
2020-03-30,12.947942349488324
2020-03-31,13.385141413868956
2020-04-01,12.38377368056646
2020-04-02,11.820948466931
2020-04-03,11.95162516588805
2020-04-04,13.142729005495005
2020-04-05,12.34568357065696
2020-04-06,12.677139598154048
2020-04-07,13.69143794493394
2020-04-08,13.192842630821445
2020-04-09,13.638067729423609
2020-04-10,13.0726536304835
2020-04-11,13.33511401763567
2020-04-12,14.237688801194718
2020-04-13,14.080405876195385
2020-04-14,14.037121240127856
2020-04-15,14.48284972137839
2020-04-16,14.838485208349516
2020-04-17,14.824966005912549
2020-04-18,14.128955312516293
2020-04-19,13.986620484049032
2020-04-20,13.416994905226714
2020-04-21,13.862772284000517
2020-04-22,13.654306178266646
2020-04-23,14.305861904157242
2020-04-24,14.209981295522553
2020-04-25,14.051314692132674
2020-04-26,14.259039187929638
2020-04-27,13.834853354844055
2020-04-28,14.12350666861056
2020-04-29,14.09224062420719
2020-04-30,14.076871243715253
2020-05-01,14.81890300916743
2020-05-02,14.764836521887183
2020-05-03,15.124347189208732
2020-05-04,14.749386901496532
2020-05-05,15.308432318972311
2020-05-06,16.235068658859532
2020-05-07,16.695941246708315
2020-05-08,16.365114968532467
2020-05-09,16.72468695514986
2020-05-10,16.392017809404315
2020-05-11,16.317519359304796
2020-05-12,15.701241398086871
2020-05-13,15.305985653982056
2020-05-14,15.517205671026643
2020-05-15,16.539515235422037
2020-05-16,16.48726002722025
2020-05-17,16.09954817162284
2020-05-18,15.907005291411643
2020-05-19,16.148134994022996
2020-05-20,16.170921089426365
2020-05-21,16.63198119788921
2020-05-22,16.694468143898163
2020-05-23,16.464077743472266
2020-05-24,16.820041913606147
2020-05-25,16.598521454535966
2020-05-26,17.115934138650925
2020-05-27,17.26510906435011
2020-05-28,17.827996833490836
2020-05-29,17.599408725261725
2020-05-30,17.411099222173092
2020-05-31,17.353037655113525
2020-06-01,17.13638683945618
2020-06-02,17.17437303176732
2020-06-03,17.1411612608755
2020-06-04,18.210726124752522
2020-06-05,17.474337059391992
2020-06-06,18.376794654015292
2020-06-07,18.436407229170797
2020-06-08,18.294887068158364
2020-06-09,17.539242382443323
2020-06-10,17.99810780753247
2020-06-11,17.92994597786614
2020-06-12,18.46891057660242
2020-06-13,18.004374315226073
2020-06-14,18.047235489542317
2020-06-15,18.368564965165284
2020-06-16,18.22494293728949
2020-06-17,18.37755522096695
2020-06-18,18.226344847294058
2020-06-19,17.992420750247465
2020-06-20,17.313374391786553
2020-06-21,16.940448070713426
2020-06-22,18.1603174431003
2020-06-23,18.94748516555776
2020-06-24,19.130862416081637
2020-06-25,19.455081801210774
2020-06-26,18.763487034762893
2020-06-27,18.807686565821665
2020-06-28,18.952872199643764
2020-06-29,18.830800675980424
2020-06-30,19.07228493180415
2020-07-01,19.36786349602762
2020-07-02,19.911282162870453
2020-07-03,19.77684870187045
2020-07-04,20.071401393820324
2020-07-05,19.707524041347295
2020-07-06,19.958051501808843
2020-07-07,19.109976822468692
2020-07-08,19.64081909869915
2020-07-09,20.10595224373764
2020-07-10,20.60414868776455
2020-07-11,20.536658484994888
2020-07-12,20.516441874677696
2020-07-13,20.355812670704115
2020-07-14,20.847288391231494
2020-07-15,20.896080502455995
2020-07-16,21.536886679080435
2020-07-17,21.25220277935476
2020-07-18,21.086270031430463
2020-07-19,20.901222544886913
2020-07-20,20.889018775495085
2020-07-21,21.188582320774277
2020-07-22,20.50440800359657
2020-07-23,21.162097774626183
2020-07-24,20.957113379036862
2020-07-25,20.57524647854394
2020-07-26,20.40490214150515
2020-07-27,20.09663246202073
2020-07-28,20.192318167451887
2020-07-29,20.76965083404281
2020-07-30,22.070329962437015
2020-07-31,21.52329512329336
2020-08-01,20.872730605955034
2020-08-02,21.477262446720403
2020-08-03,20.623503972509695
2020-08-04,21.345102178310565
2020-08-05,21.34541541981389
2020-08-06,21.701397855375532
2020-08-07,21.40322343091195
2020-08-08,21.77929723847562
2020-08-09,21.916667632686575
2020-08-10,22.355026420827322
2020-08-11,22.495866661398424
2020-08-12,22.340707300096554
2020-08-13,21.877437955701286
2020-08-14,21.098037446255567
2020-08-15,21.12697210864878
2020-08-16,20.505957736427632
2020-08-17,20.832903623837247
2020-08-18,21.0580122492636
2020-08-19,22.099537365345636
2020-08-20,21.40429171232745
2020-08-21,22.171900997138177
2020-08-22,22.494568775913965
2020-08-23,22.30905935657247
2020-08-24,22.08969393170849
2020-08-25,22.532507457864078
2020-08-26,22.435134542641034
2020-08-27,22.551821702238
2020-08-28,21.58090846454124
2020-08-29,21.624509285132127
2020-08-30,21.9572099479493
2020-08-31,21.56949570272814
2020-09-01,21.172061505360602
2020-09-02,20.517863062360853
2020-09-03,20.423778764693857
2020-09-04,20.60620060933448
2020-09-05,21.27027834626912
2020-09-06,21.26713372336864
2020-09-07,20.44400542174229
2020-09-08,20.8363876171128
2020-09-09,20.210938694262012
2020-09-10,20.175874673022115
2020-09-11,20.039385581479564
2020-09-12,20.73161844939178
2020-09-13,20.946697149141166
2020-09-14,20.92216317722963
2020-09-15,19.61611967174074
2020-09-16,19.730970239016028
2020-09-17,20.398692804383472
2020-09-18,20.097915587910137
2020-09-19,20.3388746494079
2020-09-20,20.05392723560908
2020-09-21,19.844626837327816
2020-09-22,19.223945273088376
2020-09-23,19.68319434012539
2020-09-24,18.97822002207686
2020-09-25,19.05388187278389
2020-09-26,18.61534292985864
2020-09-27,18.3087216057299
2020-09-28,17.86747450200577
2020-09-29,18.254359929133596
2020-09-30,17.972640895952267
2020-10-01,18.461581883074686
2020-10-02,17.858842610987658
2020-10-03,17.416856994776673
2020-10-04,16.74006014748724
2020-10-05,17.606470339585666
2020-10-06,17.801089572551547
2020-10-07,17.916839663833034
2020-10-08,18.456579665578115
2020-10-09,18.569873564061062
2020-10-10,18.553361582149503
2020-10-11,17.9381981560957
2020-10-12,17.517267979078476
2020-10-13,17.594911800253932
2020-10-14,16.37544184177954
2020-10-15,16.041353587487514
2020-10-16,16.932547359083127
2020-10-17,17.197685939656633
2020-10-18,16.941985137278557
2020-10-19,16.276174519533917
2020-10-20,15.658404634253847
2020-10-21,16.02568635898101
2020-10-22,16.38536060730408
2020-10-23,16.032990803929174
2020-10-24,16.164429433353042
2020-10-25,15.612662221648584
2020-10-26,15.71694853445095
2020-10-27,14.75519979098594
2020-10-28,14.469311292257093
2020-10-29,16.21817566321722
2020-10-30,16.528278051720527
2020-10-31,16.15996910837383
2020-11-01,15.82601889790444
2020-11-02,15.374000639752445
2020-11-03,14.80347126529613
2020-11-04,15.191838432406705
2020-11-05,14.572778448873926
2020-11-06,14.088120591041658
2020-11-07,13.766890724354647
2020-11-08,13.679329009870386
2020-11-09,14.181744348290557
2020-11-10,14.863725402632092
2020-11-11,14.896830771556434
2020-11-12,15.189822366722133
2020-11-13,14.225993671667384
2020-11-14,13.694639854134298
2020-11-15,13.461560124288148
2020-11-16,14.00529317603429
2020-11-17,14.041400424115777
2020-11-18,13.379912298423745
2020-11-19,13.167817978058501
2020-11-20,13.347569276910946
2020-11-21,14.447754821110887
2020-11-22,12.759456855524355
2020-11-23,11.673735612971852
2020-11-24,12.211103140590193
2020-11-25,12.179909057844775
2020-11-26,11.925744727074019
2020-11-27,11.509642457990967
2020-11-28,12.481975288948574
2020-11-29,12.306014293548929
2020-11-30,12.28871705708907
2020-12-01,11.681943979312887
2020-12-02,11.572144589665825
2020-12-03,12.067235763780461
2020-12-04,12.164341517562118
2020-12-05,11.436546525560066
2020-12-06,11.53010327040655
2020-12-07,12.49974060357703
2020-12-08,12.508148384036971
2020-12-09,11.63252738512065
2020-12-10,12.294660474303182
2020-12-11,12.494181760096517
2020-12-12,12.865775482076247
2020-12-13,11.748500687793157
2020-12-14,11.580215513202415
2020-12-15,11.773593133334813
2020-12-16,12.161312918738002
2020-12-17,11.1877341371145
2020-12-18,11.636316949006103
2020-12-19,11.55944914788502
2020-12-20,12.22120287649325
2020-12-21,12.370103262044577
2020-12-22,11.259093262423036
2020-12-23,11.102437200369092
2020-12-24,11.735116373491884
2020-12-25,11.66867017607908
2020-12-26,12.584269068724474
2020-12-27,11.27882652091587
2020-12-28,11.773876602948759
2020-12-29,11.163268048942719
2020-12-30,10.198228805060632
2020-12-31,9.35879904141088
2021-01-01,10.630045301822244
2021-01-02,9.863775007525094
2021-01-03,9.494522139347035
2021-01-04,9.896418962964354
2021-01-05,9.93339723036468
2021-01-06,9.676343018924053
2021-01-07,9.209726196462041
2021-01-08,9.54738413407923
2021-01-09,9.48584836929167
2021-01-10,9.764716541903763
2021-01-11,10.242338043478279
2021-01-12,10.121037727517264
2021-01-13,9.34649580729793
2021-01-14,9.360353627853215
2021-01-15,9.84146118822817
2021-01-16,10.153892414519591
2021-01-17,10.989911182155826
2021-01-18,10.336256363713854
2021-01-19,9.754268913270263
2021-01-20,9.724104987517329
2021-01-21,10.75075528035275
2021-01-22,10.630416065208964
2021-01-23,11.341186110168307
2021-01-24,11.158691164821862
2021-01-25,11.052742482371357
2021-01-26,11.078474174908411
2021-01-27,10.764150303389151
2021-01-28,10.844488072060885
2021-01-29,11.45547129886999
2021-01-30,11.911614316910125
2021-01-31,12.042355755772501
2021-02-01,10.940234126246775
2021-02-02,10.451963299574944
2021-02-03,10.587439911228106
2021-02-04,10.362860216979204
2021-02-05,10.440347877290021
2021-02-06,10.952345212549659
2021-02-07,10.483277944223428
2021-02-08,10.88893426743362
2021-02-09,11.627172257143101
2021-02-10,11.359817727922326
2021-02-11,11.983078233702663
2021-02-12,12.603069360734914
2021-02-13,12.684655690392168
2021-02-14,12.045130806400659
2021-02-15,12.717248645371672
2021-02-16,11.533198698416111
2021-02-17,11.71075433509384
2021-02-18,11.872067196144132
2021-02-19,11.823928093539848
2021-02-20,12.092965546628525
2021-02-21,11.570732653988436
2021-02-22,10.94203006953026
2021-02-23,10.884053305220618
2021-02-24,11.504456025888599
2021-02-25,11.921784160172157
2021-02-26,11.937275537168198
2021-02-27,12.159801393627552
2021-02-28,10.545594204264482
2021-03-01,10.544870086287933
2021-03-02,11.66953393428696
2021-03-03,11.68938088947535
2021-03-04,11.995182309528467
2021-03-05,11.493728377239114
2021-03-06,12.148681959164776
2021-03-07,11.671840922814011
2021-03-08,11.525350256195523
2021-03-09,10.638373327558007
2021-03-10,11.6465389598535
2021-03-11,12.001352852719636
2021-03-12,12.341682620734755
2021-03-13,12.82979694653486
2021-03-14,12.493835957373753
2021-03-15,11.93752255961999
2021-03-16,12.207948481538475
2021-03-17,12.485520708100424
2021-03-18,12.93740564483425
2021-03-19,13.561215482632857
2021-03-20,12.903866035304075
2021-03-21,12.237831653740248
2021-03-22,11.81005942697374
2021-03-23,12.61491585783394
2021-03-24,12.647895860437627
2021-03-25,13.377096018285217
2021-03-26,13.439691409761034
2021-03-27,12.8777162252184
2021-03-28,14.012869470852667
2021-03-29,13.608678139501388
2021-03-30,12.529836831901157
2021-03-31,13.140822150101144
2021-04-01,13.812815932444114
2021-04-02,12.741818738453517
2021-04-03,11.98125363211379
2021-04-04,12.04336901098379
2021-04-05,13.195855166045497
2021-04-06,12.463195704549175
2021-04-07,12.869747339843201
2021-04-08,14.118673717676755
2021-04-09,13.55029618825648
2021-04-10,13.797645423577091
2021-04-11,13.163553402829246
2021-04-12,13.387301123712612
2021-04-13,14.35419037438715
2021-04-14,14.271956430995878
2021-04-15,14.463278986513828
2021-04-16,14.839230571691571
2021-04-17,14.997021485235672
2021-04-18,14.91488086058334
2021-04-19,14.18023787734607
2021-04-20,14.102319879135004
2021-04-21,13.607865213423295
2021-04-22,14.288407322246513
2021-04-23,14.010335191786556
2021-04-24,14.46422685555756
2021-04-25,14.299911002354062
2021-04-26,14.102799787674973
2021-04-27,14.37512603205522
2021-04-28,14.026289014424409
2021-04-29,14.549854855531954
2021-04-30,14.449115485577767
2021-05-01,14.23619602231766
2021-05-02,14.909884588864346
2021-05-03,14.817440883108501
2021-05-04,15.24159389077946
2021-05-05,14.941994695440002
2021-05-06,15.7359357715916
2021-05-07,16.593052656317266
2021-05-08,16.856300363788574
2021-05-09,16.457028784406326
2021-05-10,16.77809619165591
2021-05-11,16.50991947719578
2021-05-12,16.510612979076992
2021-05-13,16.12904615381315
2021-05-14,15.664075341694112
2021-05-15,15.677468431059395
2021-05-16,16.63112905441553
2021-05-17,16.54016900910728
2021-05-18,16.216757671213422
2021-05-19,16.099227998455152
2021-05-20,16.57490782675184
2021-05-21,16.52783976641806
2021-05-22,16.7909594846245
2021-05-23,16.78471277169701
2021-05-24,16.515564014113096
2021-05-25,16.93580809964347
2021-05-26,16.789314101516503
2021-05-27,17.541324147989403
2021-05-28,17.620725446382654
2021-05-29,17.985785148145702
2021-05-30,17.68860522888578
2021-05-31,17.461705753941207
2021-06-01,17.53078829229053
2021-06-02,17.326701041970537
2021-06-03,17.59950867637013
2021-06-04,17.496756457293237
2021-06-05,18.368730347022435
2021-06-06,17.563985213816746
2021-06-07,18.428082019763465
2021-06-08,18.55238339892405
2021-06-09,18.48630100704588
2021-06-10,17.96565849035721
2021-06-11,18.35513987476856
2021-06-12,18.08951604600868
2021-06-13,18.560223711858626
2021-06-14,18.05739431078309
2021-06-15,18.164979603816725
2021-06-16,18.561749792694684
2021-06-17,18.653101275486215
2021-06-18,18.7362708010603
2021-06-19,18.387511920569366
2021-06-20,18.085219517421223
2021-06-21,17.36774727466231
2021-06-22,17.059394918022313
2021-06-23,18.354541755168267
2021-06-24,19.376511192144555
2021-06-25,19.49026999028716
2021-06-26,19.61676589876718
2021-06-27,18.856633048426573
2021-06-28,18.862246299519626
2021-06-29,19.07185868324287
2021-06-30,19.024933897525752
2021-07-01,19.50114423973591
2021-07-02,19.72705002081317
2021-07-03,20.072713561054194
2021-07-04,19.869733705071376
2021-07-05,20.125715070569694
2021-07-06,19.82630189441747
2021-07-07,20.15203451917203
2021-07-08,19.538727371493962
2021-07-09,19.999954562522916
2021-07-10,20.267403424863602
2021-07-11,20.697134003032254
2021-07-12,20.591158988652275
2021-07-13,20.63549523924519
2021-07-14,20.55015824716162
2021-07-15,21.276483237760598
2021-07-16,21.255733276513386
2021-07-17,21.698916410044593
2021-07-18,21.34581353461777
2021-07-19,21.141426498222103
2021-07-20,21.020944640373152
2021-07-21,21.084027387267746
2021-07-22,21.61841604585629
2021-07-23,20.864657758552276
2021-07-24,21.32466627140093
2021-07-25,21.05119045698834
2021-07-26,20.630785293470325
2021-07-27,20.52491430423586
2021-07-28,20.291834210847917
2021-07-29,20.62224742738627
2021-07-30,21.129902023492175
2021-07-31,22.2328135334694
2021-08-01,21.61721282134395
2021-08-02,20.928051449159057
2021-08-03,21.597017520909397
2021-08-04,20.81843213363679
2021-08-05,21.774766526634945
2021-08-06,21.705437421369023
2021-08-07,21.863716115001562
2021-08-08,21.49706812354076
2021-08-09,21.83466522183329
2021-08-10,22.036616361954415
2021-08-11,22.55031878237257
2021-08-12,22.92608661537365
2021-08-13,22.70149323232223
2021-08-14,22.04074076669025
2021-08-15,21.193094405652513
2021-08-16,21.183781517228716
2021-08-17,20.627572531959746
2021-08-18,21.030076060031433
2021-08-19,21.490309545637565
2021-08-20,22.462575232108023
2021-08-21,21.56999277734601
2021-08-22,22.269469157904535
2021-08-23,22.553964508860226
2021-08-24,22.43329410600462
2021-08-25,22.28947568963303
2021-08-26,22.96735741113781
2021-08-27,22.800621667200627
2021-08-28,22.71982230484828
2021-08-29,21.68058166673289
2021-08-30,21.685773452580918
2021-08-31,22.083038158379253
2021-09-01,21.688453734514457
2021-09-02,21.60785979980593
2021-09-03,20.883940505643697
2021-09-04,20.591997279865456
2021-09-05,20.70571252564875
2021-09-06,21.331003138204533
2021-09-07,21.39205360178719
2021-09-08,20.64381185463867
2021-09-09,21.270599424315286
2021-09-10,20.575135393963443
2021-09-11,20.341956840248876
2021-09-12,20.136550027198226
2021-09-13,20.789834022675226
2021-09-14,21.06899926752352
2021-09-15,21.119299188077335
2021-09-16,20.047664921588304
2021-09-17,20.09256174018875
2021-09-18,20.56228751775217
2021-09-19,20.192764343310632
2021-09-20,20.394996741647653
2021-09-21,20.174403830768636
2021-09-22,20.040245319704674
2021-09-23,19.654314434506293
2021-09-24,20.04397732227708
2021-09-25,19.141391893048304
2021-09-26,19.148703492772608
2021-09-27,18.671835221605043
2021-09-28,18.429958988195416
2021-09-29,18.064229460909242
2021-09-30,18.686218619498504
2021-10-01,18.335236676031105
2021-10-02,18.626853800174125
2021-10-03,17.9560098539937
2021-10-04,17.475894336384684
2021-10-05,16.863992488162207
2021-10-06,17.806018453765578
2021-10-07,18.235786922629917
2021-10-08,18.282267151062303
2021-10-09,18.624625308333556
2021-10-10,18.6697080891435
2021-10-11,18.614914924703445
2021-10-12,18.064454955131147
2021-10-13,17.71891414710253
2021-10-14,18.03145201410672
2021-10-15,16.742434809391852
2021-10-16,16.210672070913912
2021-10-17,17.033353933982706
2021-10-18,17.259909485912964
2021-10-19,17.068616151505662
2021-10-20,16.477911336171456
2021-10-21,16.094770414729766
2021-10-22,16.39226371983591
2021-10-23,16.554050887115935
2021-10-24,16.13298897143342
2021-10-25,16.225699655792244
2021-10-26,15.738232209848853
2021-10-27,15.917554777791123
2021-10-28,15.190403568191016
2021-10-29,14.834732354621975
2021-10-30,16.385750614392116
2021-10-31,16.6272344486973
2021-11-01,16.220300322317705
2021-11-02,15.950777867808558
2021-11-03,15.573944645048549
2021-11-04,15.238177612490642
2021-11-05,15.556937957472941
2021-11-06,14.740213860577295
2021-11-07,14.187120676832158
2021-11-08,13.827445450571837
2021-11-09,13.804483638703095
2021-11-10,14.382244683811107
2021-11-11,15.2991340443192
2021-11-12,15.262761258064305
2021-11-13,15.358198214352987
2021-11-14,14.326023307327324
2021-11-15,13.756292452173453
2021-11-16,13.58786044747617
2021-11-17,14.206967511576636
2021-11-18,14.477994338255751
2021-11-19,13.747023613711335
2021-11-20,13.337357152897361
2021-11-21,13.448734713834764
2021-11-22,14.510508968647674
2021-11-23,12.886821197659255
2021-11-24,11.87643663440393
2021-11-25,12.648689127033656
2021-11-26,12.54798460039505
2021-11-27,12.096229927126354
2021-11-28,11.611747830420528
2021-11-29,12.545677376759533
2021-11-30,12.434350103772736
2021-12-01,12.409321423089347
2021-12-02,12.120597731223867
2021-12-03,11.941360412519037
2021-12-04,12.238947232149657
2021-12-05,12.267772472366119
2021-12-06,11.501684591744578
2021-12-07,11.659993799048527
2021-12-08,12.70513161965104
2021-12-09,12.948606430411687
2021-12-10,12.003671161131544
2021-12-11,12.468419291881014
2021-12-12,12.59976983807768
2021-12-13,12.93316711063836
2021-12-14,11.880724386797256
2021-12-15,11.787999299164467
2021-12-16,12.21648077678505
2021-12-17,12.534898078881806
2021-12-18,11.363919383055489
2021-12-19,11.744288672555856
2021-12-20,11.629153382886711
2021-12-21,12.355640130489236
2021-12-22,12.579974456636089
2021-12-23,11.703916645821403
2021-12-24,11.47778310138173
2021-12-25,11.912866789640816
2021-12-26,11.777994185862061
2021-12-27,12.655099069866088
2021-12-28,11.414153389659116
2021-12-29,11.984395862506934
2021-12-30,11.608496905152167
2021-12-31,10.573740915886999
2022-01-01,10.837223615340285
2022-01-02,9.969577449649904
2022-01-03,9.663416312567332
2022-01-04,10.066974622874014
2022-01-05,10.177782761005178
2022-01-06,10.081945324525792
2022-01-07,9.384765019279907
2022-01-08,9.755556793823969
2022-01-09,9.592659930838739
2022-01-10,9.934625417966366
2022-01-11,10.41390513118489
2022-01-12,10.366423077450015
2022-01-13,9.753078692394523
2022-01-14,9.536347017734972
2022-01-15,10.050556620934602
2022-01-16,10.2615902695225
2022-01-17,11.160666359294648
2022-01-18,10.508627465745825
2022-01-19,10.00041493016844
2022-01-20,10.131405350295008
2022-01-21,10.927424291132967
2022-01-22,10.840147697403182
2022-01-23,11.449484185165788
2022-01-24,11.33001491293302
2022-01-25,11.22565558928658
2022-01-26,11.32514131572056
2022-01-27,11.171957037306887
2022-01-28,11.021655104077787
2022-01-29,11.66569911362012
2022-01-30,12.02041319053751
2022-01-31,12.214191158679618
2022-02-01,11.11367562158574
2022-02-02,10.699180942728118
2022-02-03,10.995824024940127
2022-02-04,10.540635555310025
2022-02-05,10.65121817814962
2022-02-06,11.061823150385342
2022-02-07,10.655830494971218
2022-02-08,11.063131590464614
2022-02-09,11.875184098763047
2022-02-10,11.76903321991805
2022-02-11,12.161717640820699
2022-02-12,12.81483360551616
2022-02-13,12.795053918881516
2022-02-14,12.218625834837766
2022-02-15,12.892405932437821
2022-02-16,11.782182845004346
2022-02-17,12.120948982546524
2022-02-18,12.051689332095254
2022-02-19,12.036672760914387
2022-02-20,12.204335963132577
2022-02-21,11.745185750038413
2022-02-22,11.118125545388322
2022-02-23,11.133950208252324
2022-02-24,11.915532718156593
2022-02-25,12.102252685124263
2022-02-26,12.150826380881979
2022-02-27,12.27193364815018
2022-02-28,10.720761141427259
2022-03-01,10.72162824339666
2022-03-02,11.920039713348096
2022-03-03,12.101010541030568
2022-03-04,12.176146310716662
2022-03-05,11.707716200380226
2022-03-06,12.261192239170612
2022-03-07,11.847327032431123
2022-03-08,11.702369390954741
2022-03-09,10.88908310238373
2022-03-10,12.058317388482754
2022-03-11,12.182412719424978
2022-03-12,12.555716240326914
2022-03-13,12.94230632043236
2022-03-14,12.669278334085913
2022-03-15,12.11445950072699
2022-03-16,12.458542434273538
2022-03-17,12.897154954792546
2022-03-18,13.118298637870275
2022-03-19,13.77506556016025
2022-03-20,13.016181524850195
2022-03-21,12.413076371699793
2022-03-22,11.986801674892316
2022-03-23,12.865324916736613
2022-03-24,13.059361853932597
2022-03-25,13.557844153907018
2022-03-26,13.653426594950062
2022-03-27,12.989953066625459
2022-03-28,14.188077666772125
2022-03-29,13.785431368504936
2022-03-30,12.780309141321567
2022-03-31,13.552407717690262
2022-04-01,13.99374321338644
2022-04-02,12.955794996903078
2022-04-03,12.09379486867275
2022-04-04,12.218945298528153
2022-04-05,13.37303949937047
2022-04-06,12.714160369562775
2022-04-07,13.281883677340529
2022-04-08,14.300206295136267
2022-04-09,13.764927379508986
2022-04-10,13.910885407933392
2022-04-11,13.339865595582891
2022-04-12,13.565251142384241
2022-04-13,14.605942544690102
2022-04-14,14.684893705190204
2022-04-15,14.645617284620382
2022-04-16,15.054663541972616
2022-04-17,15.111050691568664
2022-04-18,15.09196140435801
2022-04-19,14.358927553690712
2022-04-20,14.354775866745875
2022-04-21,14.021464165942039
2022-04-22,14.471340924814841
2022-04-23,14.226292942952758
2022-04-24,14.57870742704235
2022-04-25,14.47736794743207
2022-04-26,14.281790753573434
2022-04-27,14.627809473412087
2022-04-28,14.440044274305093
2022-04-29,14.732896619244672
2022-04-30,14.66513859957929
2022-05-01,14.35070568301306
2022-05-02,15.087341907454089
2022-05-03,14.996411926289655
2022-05-04,15.49424619807815
2022-05-05,15.35571714411448
2022-05-06,15.918952799421804
2022-05-07,16.809068840139844
2022-05-08,16.970830364493988
2022-05-09,16.634542670692685
2022-05-10,16.957168248518826
2022-05-11,16.762724505989322
2022-05-12,16.924545965858634
2022-05-13,16.312336321630802
2022-05-14,15.880430589402337
2022-05-15,15.79240517339844
2022-05-16,16.809117478806826
2022-05-17,16.719781857353787
2022-05-18,16.4701665541332
2022-05-19,16.513823120290404
2022-05-20,16.758912134033004
2022-05-21,16.74495352185552
2022-05-22,16.906690277673405
2022-05-23,16.96352097722555
2022-05-24,16.69601180245563
2022-05-25,17.190056000433486
2022-05-26,17.20474099188108
2022-05-27,17.726141673115855
2022-05-28,17.83862286607414
2022-05-29,18.10225961399095
2022-05-30,17.86810749655597
2022-05-31,17.64278942728737
2022-06-01,17.78560659548659
2022-06-02,17.742626984810002
2022-06-03,17.78474961603164
2022-06-04,17.714999046443623
2022-06-05,18.485470870170865
2022-06-06,17.743675314842733
2022-06-07,18.609277916873864
2022-06-08,18.80724258405018
2022-06-09,18.902202296729484
2022-06-10,18.150816434502794
2022-06-11,18.573249517236754
2022-06-12,18.206083044006064
2022-06-13,18.73970982288943
2022-06-14,18.238366349897596
2022-06-15,18.41960587511481
2022-06-16,18.977419869634435
2022-06-17,18.838040142529962
2022-06-18,18.954183359502647
2022-06-19,18.50391287120674
2022-06-20,18.26457863541618
2022-06-21,17.54863818497158
2022-06-22,17.31399138010099
2022-06-23,18.770237335007273
2022-06-24,19.56153333797677
2022-06-25,19.708324514623946
2022-06-26,19.73336688084226
2022-06-27,19.036248171198203
2022-06-28,19.043445727454664
2022-06-29,19.32681148633865
2022-06-30,19.441027895292248
2022-07-01,19.686564393141133
2022-07-02,19.945494899785388
2022-07-03,20.18968960077222
2022-07-04,20.04970078617218
2022-07-05,20.307235640626416
2022-07-06,20.081537628894853
2022-07-07,20.568366388556292
2022-07-08,19.724370119089578
2022-07-09,20.21860158352802
2022-07-10,20.384557048979097
2022-07-11,20.87725118342565
2022-07-12,20.772800493046653
2022-07-13,20.890822339298765
2022-07-14,20.96655277200738
2022-07-15,21.46216199664206
2022-07-16,21.47439284283201
2022-07-17,21.816063271964232
2022-07-18,21.525909619094932
2022-07-19,21.32303816927441
2022-07-20,21.276239173690772
2022-07-21,21.500392793659124
2022-07-22,21.804075255626657
2022-07-23,21.083313166575124
2022-07-24,21.441829655583646
2022-07-25,21.231328284411152
2022-07-26,20.812467522082144
2022-07-27,20.78031068869688
2022-07-28,20.708333990773028
2022-07-29,20.8080734148673
2022-07-30,21.348755093393237
2022-07-31,22.35020253169487
2022-08-01,21.797599906570362
2022-08-02,21.11000097577876
2022-08-03,21.85269247028485
2022-08-04,21.235213969088775
2022-08-05,21.96086948495491
2022-08-06,21.924553239087818
2022-08-07,21.981344198332717
2022-08-08,21.677661170339768
2022-08-09,22.016778395515253
2022-08-10,22.292404016198734
2022-08-11,22.967154603550892
2022-08-12,23.11217818702867
2022-08-13,22.920527011707886
2022-08-14,22.15821247457881
2022-08-15,21.373454830744365
2022-08-16,21.36558582903234
2022-08-17,20.882977095995408
2022-08-18,21.44645861859763
2022-08-19,21.67588376612879
2022-08-20,22.681035612047587
2022-08-21,21.68684490797338
2022-08-22,22.449175349824642
2022-08-23,22.73509287723762
2022-08-24,22.68801511419127
2022-08-25,22.70518202073952
2022-08-26,23.15227817697584
2022-08-27,23.018466951985324
2022-08-28,22.836113054689502
2022-08-29,21.85979493783109
2022-08-30,21.866491125385267
2022-08-31,22.337443126282785
2022-09-01,22.10394944601647
2022-09-02,21.792684172393905
2022-09-03,21.10181021694018
2022-09-04,20.708437453978107
2022-09-05,20.88520183357884
2022-09-06,21.512122424004758
2022-09-07,21.64698204601853
2022-09-08,21.059946555413553
2022-09-09,21.456168618529347
2022-09-10,20.793844503896658
2022-09-11,20.459317587680683
2022-09-12,20.317025810350973
2022-09-13,20.971988865880796
2022-09-14,21.324994347509303
2022-09-15,21.536512808454347
2022-09-16,20.234306944024155
2022-09-17,20.31231846580547
2022-09-18,20.68065202278064
2022-09-19,20.37418227238239
2022-09-20,20.578015653779698
2022-09-21,20.431170092211204
2022-09-22,20.458124406275445
2022-09-23,19.841505643882808
2022-09-24,20.264158882997748
2022-09-25,19.2600514687818
2022-09-26,19.330284081295968
2022-09-27,18.854884541175643
2022-09-28,18.68662634478809
2022-09-29,18.481885959890384
2022-09-30,18.873071724813823
2022-10-01,18.554975107796885
2022-10-02,18.744977774841367
2022-10-03,18.136976673405478
2022-10-04,17.658267426425162
2022-10-05,17.119937889344456
2022-10-06,18.222924636893527
2022-10-07,18.421878942550904
2022-10-08,18.501251139505595
2022-10-09,18.742018319973354
2022-10-10,18.849983316805066
2022-10-11,18.796650393376535
2022-10-12,18.319829705257582
2022-10-13,18.13532778732864
2022-10-14,18.217138662345373
2022-10-15,16.96110742764832
2022-10-16,16.327852210999275
2022-10-17,17.213516911486032
2022-10-18,17.44163309200011
2022-10-19,17.32407691138401
2022-10-20,16.894504191313032
2022-10-21,16.280722843243133
2022-10-22,16.61128029474706
2022-10-23,16.67164328294033
2022-10-24,16.31362142879888
2022-10-25,16.407938005426658
2022-10-26,15.994240456091495
2022-10-27,16.33471510988351
2022-10-28,15.376930804950579
2022-10-29,15.054318813775911
2022-10-30,16.503896409010586
2022-10-31,16.808393213267102
2022-11-01,16.40302846347226
2022-11-02,16.207231334666723
2022-11-03,15.991499083398303
2022-11-04,15.425042905774388
2022-11-05,15.77680314421309
2022-11-06,14.858577431076935
2022-11-07,14.368436252753902
2022-11-08,14.010270945094213
2022-11-09,14.060977896011671
2022-11-10,14.799787467008661
2022-11-11,15.485940380420887
2022-11-12,15.48252613647126
2022-11-13,15.476426648262498
2022-11-14,14.507175769306194
2022-11-15,13.938933788980213
2022-11-16,13.844156280245992
2022-11-17,14.624303997504665
2022-11-18,14.664591443816986
2022-11-19,13.966581362240682
2022-11-20,13.455384670170696
2022-11-21,13.629695547408087
2022-11-22,14.692969923861117
2022-11-23,13.142948698213964
2022-11-24,12.293616484249393
2022-11-25,12.835140688174992
2022-11-26,12.767405387129577
2022-11-27,12.21412562833292
2022-11-28,11.792577771322907
2022-11-29,12.728003523499162
2022-11-30,12.690333613264754
2022-12-01,12.826342608922975
2022-12-02,12.306870453841675
2022-12-03,12.160576887634782
2022-12-04,12.356608262455548
2022-12-05,12.448333107589157
2022-12-06,11.683703314384491
2022-12-07,11.915629232812238
2022-12-08,13.121762626577882
2022-12-09,13.134446600988419
2022-12-10,12.222413688343979
2022-12-11,12.585567232255052
2022-12-12,12.779781763827431
2022-12-13,13.114606250384274
2022-12-14,12.135755253072244
2022-12-15,12.204007670911528
2022-12-16,12.40168804432144
2022-12-17,12.753005946279355
2022-12-18,11.480439935747707
2022-12-19,11.923689819618769
2022-12-20,11.81000777723172
2022-12-21,12.610121571214476
2022-12-22,12.995477647889166
2022-12-23,11.888671325691435
2022-12-24,11.695498541593826
2022-12-25,12.029061679271967
2022-12-26,11.957141913380928
2022-12-27,12.835776510914254
2022-12-28,11.668537208216703
2022-12-29,12.39988220230467
2022-12-30,11.793315486440614
2022-12-31,10.791599538950342
2023-01-01,10.953638083624632
2023-01-02,10.14901692550786
2023-01-03,9.844452210840604
2023-01-04,10.321777046922705
2023-01-05,10.59374035428357
2023-01-06,10.267279548441547
2023-01-07,9.60317485383514
2023-01-08,9.87254886869378
2023-01-09,9.77269409445411
2023-01-10,10.116263844333238
2023-01-11,10.669308963666882
2023-01-12,10.782972477464549
2023-01-13,9.938987298944316
2023-01-14,9.755306810125429
2023-01-15,10.168068188464222
2023-01-16,10.442108492843671
2023-01-17,11.342749600901888
2023-01-18,10.764434267380175
2023-01-19,10.417324084442928
2023-01-20,10.317630352683903
2023-01-21,11.146658165521222
2023-01-22,10.957893200858846
2023-01-23,11.630199398897552
2023-01-24,11.512262319888517
2023-01-25,11.481598639630626
2023-01-26,11.74216435135185
2023-01-27,11.358279584480425
2023-01-28,11.240976536307983
2023-01-29,11.783528687737496
2023-01-30,12.20121547177994
2023-01-31,12.396534938085061
2023-02-01,11.369730330628972
2023-02-02,11.116336439665595
2023-02-03,11.182304765947547
2023-02-04,10.760145150197193
2023-02-05,10.769269342353477
2023-02-06,11.242883065573016
2023-02-07,10.838469683283504
2023-02-08,11.319520307337497
2023-02-09,12.292712118240528
2023-02-10,11.955924024493962
2023-02-11,12.381673014080164
2023-02-12,12.933363637407671
2023-02-13,12.976622433756326
2023-02-14,12.401799344887698
2023-02-15,13.149350118918852
2023-02-16,12.200282438574131
2023-02-17,12.308422052170197
2023-02-18,12.272231978342154
2023-02-19,12.155789221172403
2023-02-20,12.386484136824803
2023-02-21,11.92892624467905
2023-02-22,11.375618244399073
2023-02-23,11.552574230713116
2023-02-24,12.103500779155468
2023-02-25,12.323255852040061
2023-02-26,12.270364232990438
2023-02-27,12.454459847754338
2023-02-28,10.904832517742546
2023-03-01,10.97940139067961
2023-03-02,12.338890974190768
2023-03-03,12.289150384303055
2023-03-04,12.397264100355734
2023-03-05,11.827310363272032
2023-03-06,12.443715841103197
2023-03-07,12.031336864015069
2023-03-08,11.960022565523333
2023-03-09,11.307757037121037
2023-03-10,12.246224178400746
2023-03-11,12.403243900323307
2023-03-12,12.674972948690334
2023-03-13,13.124444858793106
2023-03-14,12.852859243105078
2023-03-15,12.371644139260034
2023-03-16,12.876712937812886
2023-03-17,13.084528581041795
2023-03-18,13.338572494713713
2023-03-19,13.893746723206776
2023-03-20,13.197732552430049
2023-03-21,12.596064318113044
2023-03-22,12.243394602948573
2023-03-23,13.282911780058432
2023-03-24,13.246166758164666
2023-03-25,13.7775709927509
2023-03-26,13.771589069403392
2023-03-27,13.171020096652327
2023-03-28,14.370622297988398
2023-03-29,14.04162717700467
2023-03-30,13.197550009445344
2023-03-31,13.738921992416397
2023-04-01,14.21323824604299
2023-04-02,13.073787075211673
2023-04-03,12.274754553185055
2023-04-04,12.401446268669527
2023-04-05,13.62925491466137
2023-04-06,13.131482620996255
2023-04-07,13.468538542413222
2023-04-08,14.519897496567811
2023-04-09,13.883166559553366
2023-04-10,14.092137530605175
2023-04-11,13.522697881701129
2023-04-12,13.821829542050784
2023-04-13,15.023651620594531
2023-04-14,14.871950938012562
2023-04-15,14.865717797785829
2023-04-16,15.17331025426845
2023-04-17,15.292699906149121
2023-04-18,15.27517193481281
2023-04-19,14.615857387297087
2023-04-20,14.772802233610298
2023-04-21,14.2087980205784
2023-04-22,14.691671832747762
2023-04-23,14.345119376415818
2023-04-24,14.760482474161854
2023-04-25,14.660648531931287
2023-04-26,14.53873436200741
2023-04-27,15.045794256248318
2023-04-28,14.62728352572286
2023-04-29,14.95308362743578
2023-04-30,14.783776871657716
2023-05-01,14.532254549883788
2023-05-02,15.270365607510628
2023-05-03,15.253076167677815
2023-05-04,15.911938069361842
2023-05-05,15.542659382510356
2023-05-06,16.138848413295264
2023-05-07,16.92743109533501
2023-05-08,17.152128145691336
2023-05-09,16.817349322754367
2023-05-10,17.213657903745762
2023-05-11,17.180291773222937
2023-05-12,17.11141999646343
2023-05-13,16.532225254500787
2023-05-14,15.998851389470332
2023-05-15,15.973828879044826
2023-05-16,16.992117966509284
2023-05-17,16.976532131960475
2023-05-18,16.88805844214688
2023-05-19,16.701081381581155
2023-05-20,16.979238993452267
2023-05-21,16.863858633438234
2023-05-22,17.08863613402571
2023-05-23,17.14707186862482
2023-05-24,16.953330329364107
2023-05-25,17.608523011326945
2023-05-26,17.392569955719935
2023-05-27,17.947023481321807
2023-05-28,17.958056069818362
2023-05-29,18.284696102352996
2023-05-30,18.052101713137194
2023-05-31,17.900495122254227
2023-06-01,18.204396978693318
2023-06-02,17.93070928363707
2023-06-03,18.00581002793912
2023-06-04,17.834533088011042
2023-06-05,18.667929125224873
2023-06-06,17.927612677375897
2023-06-07,18.866850325014774
2023-06-08,19.225827111204566
2023-06-09,19.090011605184873
2023-06-10,18.371543584264124
2023-06-11,18.69239813574615
2023-06-12,18.388112864152085
2023-06-13,18.92318569066613
2023-06-14,18.495454704313836
2023-06-15,18.83769457331676
2023-06-16,19.164732369421905
2023-06-17,19.058280043464748
2023-06-18,19.072864313765663
2023-06-19,18.685503879685655
2023-06-20,18.447652836566327
2023-06-21,17.805369144849926
2023-06-22,17.731772761545194
2023-06-23,18.957296962447277
2023-06-24,19.781577660907857
2023-06-25,19.82686848441394
2023-06-26,19.914879255816725
2023-06-27,19.219300357197085
2023-06-28,19.30020816043622
2023-06-29,19.7446734319967
2023-06-30,19.62821167811955
2023-07-01,19.906770052931225
2023-07-02,20.06423028442087
2023-07-03,20.3714159037451
2023-07-04,20.232981629091867
2023-07-05,20.56423370007639
2023-07-06,20.499634675345
2023-07-07,20.755777742661564
2023-07-08,19.94478951662279
2023-07-09,20.337531451617586
2023-07-10,20.566454196664303
2023-07-11,21.060676002243774
2023-07-12,21.029913663529918
2023-07-13,21.309004908730394
2023-07-14,21.154020607642096
2023-07-15,21.68261060576208
2023-07-16,21.593327563694018
2023-07-17,21.99794484126172
2023-07-18,21.70930321540424
2023-07-19,21.580109933182364
2023-07-20,21.694376075669936
2023-07-21,21.687816860372774
2023-07-22,22.024488153076767
2023-07-23,21.20222615154763
2023-07-24,21.62370890855412
2023-07-25,21.41474373086435
2023-07-26,21.06958915009535
2023-07-27,21.198528240530905
2023-07-28,20.895871045087553
2023-07-29,21.028631863038015
2023-07-30,21.46784502537413
2023-07-31,22.532287547417447
2023-08-01,21.981245961366234
2023-08-02,21.36737276788731
2023-08-03,22.271173247026205
2023-08-04,21.423019765827476
2023-08-05,22.18169379654462
2023-08-06,22.043897134263453
2023-08-07,22.163661886998177
2023-08-08,21.861509125291214
2023-08-09,22.274312028995936
2023-08-10,22.710997779693717
2023-08-11,23.1550165165569
2023-08-12,23.332994785739395
2023-08-13,23.039793720162727
2023-08-14,22.34037940010358
2023-08-15,21.55707607808916
2023-08-16,21.62281632726861
2023-08-17,21.30119280133149
2023-08-18,21.633871094731724
2023-08-19,21.896185130666638
2023-08-20,22.799728849914885
2023-08-21,21.86838955417153
2023-08-22,22.632136637657375
2023-08-23,22.99163834934093
2023-08-24,23.10553456419616
2023-08-25,22.891901773186348
2023-08-26,23.371905701110443
2023-08-27,23.13652081858376
2023-08-28,23.01706824699965
2023-08-29,22.042231622274343
2023-08-30,22.12259088902679
2023-08-31,22.754608558640697
2023-09-01,22.29041808233187
2023-09-02,22.012172803025518
2023-09-03,21.21984458022824
2023-09-04,20.889497331126048
2023-09-05,21.06786965725584
2023-09-06,21.768579412533114
2023-09-07,22.06462774406021
2023-09-08,21.247012800054218
2023-09-09,21.676363935567622
2023-09-10,20.912683950182576
2023-09-11,20.641268054931636
2023-09-12,20.500654897485536
2023-09-13,21.229461325649886
2023-09-14,21.74369198095627
2023-09-15,21.724648817654312
2023-09-16,20.45557073857263
2023-09-17,20.432205928926294
2023-09-18,20.86361124214567
2023-09-19,20.558762832224126
2023-09-20,20.836365483776575
2023-09-21,20.85065573682838
2023-09-22,20.64694571581637
2023-09-23,20.06334087447029
2023-09-24,20.38449520422866
2023-09-25,19.44333087834213
2023-09-26,19.515052818773857
2023-09-27,19.11328999379318
2023-09-28,19.106037307604016
2023-09-29,18.670507252275115
2023-09-30,19.094589152605252
2023-10-01,18.674885773653255
2023-10-02,18.927735741322692
2023-10-03,18.321142077614446
2023-10-04,17.91600304666067
2023-10-05,17.538629035013916
2023-10-06,18.410793372892112
2023-10-07,18.642628647397558
2023-10-08,18.620396409824615
2023-10-09,18.92403023589439
2023-10-10,19.033438176819704
2023-10-11,19.053725928255133
2023-10-12,18.737924650622645
2023-10-13,18.322675833427652
2023-10-14,18.43745278646957
2023-10-15,17.07990962659222
2023-10-16,16.50961865149949
2023-10-17,17.39682660901305
2023-10-18,17.69866412780024
2023-10-19,17.74222606611373
2023-10-20,17.08200101063349
2023-10-21,16.5012741384659
2023-10-22,16.730400087862805
2023-10-23,16.85379820924696
2023-10-24,16.497379699651397
2023-10-25,16.665465932879723
2023-10-26,16.412922409195975
2023-10-27,16.522767909621386
2023-10-28,15.598048550286684
2023-10-29,15.174003142272111
2023-10-30,16.686602195320837
2023-10-31,16.99267780106765
2023-11-01,16.661048426059615
2023-11-02,16.626362628484515
2023-11-03,16.17995159715416
2023-11-04,15.646505394516208
2023-11-05,15.896773550357361
2023-11-06,15.041508594970413
2023-11-07,14.55288510958788
2023-11-08,14.268395205639132
2023-11-09,14.480156078942048
2023-11-10,14.988233290101453
2023-11-11,15.707347505598905
2023-11-12,15.602398276764173
2023-11-13,15.65922304656858
2023-11-14,14.69146015279412
2023-11-15,14.196870804123327
2023-11-16,14.26313128366413
2023-11-17,14.812537217023099
2023-11-18,14.885782511412678
2023-11-19,14.086239232969431
2023-11-20,13.63797294218745
2023-11-21,13.813781291193528
2023-11-22,14.950720028873164
2023-11-23,13.561749614213547
2023-11-24,12.481688372618233
2023-11-25,13.056181984609987
2023-11-26,12.886922788346771
2023-11-27,12.396579515331666
2023-11-28,11.97653117374137
2023-11-29,12.985618628778981
2023-11-30,13.108991692620116
2023-12-01,13.0142583695745
2023-12-02,12.527736812603425
2023-12-03,12.279895171963664
2023-12-04,12.538833844934635
2023-12-05,12.632024571936745
2023-12-06,11.941019150599637
2023-12-07,12.333947927848465
2023-12-08,13.30929715504019
2023-12-09,13.354889306801718
2023-12-10,12.341266560238187
2023-12-11,12.76728757678751
2023-12-12,12.962931372822172
2023-12-13,13.371348060268337
2023-12-14,12.553473363425038
2023-12-15,12.390921728701919
2023-12-16,12.621497987706196
2023-12-17,12.8712221146323
2023-12-18,11.661528554206448
2023-12-19,12.10622196024287
2023-12-20,12.066155799911618
2023-12-21,13.027278917657206
2023-12-22,13.18187300126209
2023-12-23,12.108013135902038
2023-12-24,11.813304928760937
2023-12-25,12.209805729203039
2023-12-26,12.139400472154417
2023-12-27,13.091726486073698
2023-12-28,12.085575253487718
2023-12-29,12.58623880117332
2023-12-30,12.012699436378067
2023-12-31,10.909527849715241
2024-01-01,11.1345813033396
2024-01-02,10.331548000547148
2024-01-03,10.100742885051938
2024-01-04,10.739217674267431
2024-01-05,10.780554136647199
2024-01-06,10.487167196151072
2024-01-07,9.72164467756293
2024-01-08,10.054062311280877
2024-01-09,9.955814803301447
2024-01-10,10.37315428439937
2024-01-11,11.087350439729079
2024-01-12,10.970379572164461
2024-01-13,10.159452719322617
2024-01-14,9.874331646769528
2024-01-15,10.350107592158768
2024-01-16,10.625720866068288
2024-01-17,11.600093301821149
2024-01-18,11.182887693323238
2024-01-19,10.605100140571619
2024-01-20,10.538421298490414
2024-01-21,11.26596584417576
2024-01-22,11.140174657644158
2024-01-23,11.814015988415086
2024-01-24,11.769776302467916
2024-01-25,11.900193137299752
2024-01-26,11.930057672812294
2024-01-27,11.579169915791896
2024-01-28,11.360372006532744
2024-01-29,11.965892820074599
2024-01-30,12.385116124098127
2024-01-31,12.654140737356823
2024-02-01,11.788430475388658
2024-02-02,11.304354883358894
2024-02-03,11.403344780839328
2024-02-04,10.87971928353841
2024-02-05,10.95184477724183
2024-02-06,11.427030491734124
2024-02-07,11.096359682998056
2024-02-08,11.7385431307796
2024-02-09,12.481091860683065
2024-02-10,12.177363204107095
2024-02-11,12.501682560634615
2024-02-12,13.116408302519341
2024-02-13,13.161269725785274
2024-02-14,12.660215991349922
2024-02-15,13.56892192817395
2024-02-16,12.389228570636293
2024-02-17,12.530439694801984
2024-02-18,12.39282643623533
2024-02-19,12.339419426517967
2024-02-20,12.571711682257048
2024-02-21,12.187911939599005
2024-02-22,11.795742064877953
2024-02-23,11.74204967160549
2024-02-24,12.326019603679393
2024-02-25,12.44431824609206
2024-02-26,12.454424372247335
2024-02-27,12.640074978629965
2024-02-28,11.164159553508567
2024-02-29,11.29727319275825
2024-03-01,12.528605532399949
2024-03-02,12.511853380975037
2024-03-03,12.518453881323612
2024-03-04,12.01143981348622
2024-03-05,12.62934147120321
2024-03-06,12.290615409131139
2024-03-07,12.380330967608515
2024-03-08,11.497306820520429
2024-03-09,12.468706214916647
2024-03-10,12.524158571878006
2024-03-11,12.858775716281741
2024-03-12,13.309695339175812
2024-03-13,13.111717794635958
2024-03-14,12.791491827467697
2024-03-15,13.06576588957965
2024-03-16,13.306482722774447
2024-03-17,13.458933681741792
2024-03-18,14.07697626829112
2024-03-19,13.382396254135175
2024-03-20,12.85432898996317
2024-03-21,12.662647973654698
2024-03-22,13.471376773685952
2024-03-23,13.467546149908566
2024-03-24,13.897377448271365
2024-03-25,13.95429057647722
2024-03-26,13.355188891311949
2024-03-27,14.628431287746633
2024-03-28,14.460469733439925
2024-03-29,13.385654141311708
2024-03-30,13.95999489745885
2024-03-31,14.33279625206016
2024-04-01,13.256300981995233
2024-04-02,12.458798480189195
2024-04-03,12.659194013703196
2024-04-04,14.048099698396381
2024-04-05,13.319651230696739
2024-04-06,13.689735874982023
2024-04-07,14.639636512931105
2024-04-08,14.065913663000014
2024-04-09,14.276461474371937
2024-04-10,13.780766210923984
2024-04-11,14.241028444093024
2024-04-12,15.212200195716521
2024-04-13,15.093545888426647
2024-04-14,14.985863544445333
2024-04-15,15.356464490789676
2024-04-16,15.477422691438548
2024-04-17,15.533622325396678
2024-04-18,15.035413478915885
2024-04-19,14.961675619407007
2024-04-20,14.43067865918315
2024-04-21,14.812058330928066
2024-04-22,14.528464691167871
2024-04-23,14.945343131611603
2024-04-24,14.919181360243346
2024-04-25,14.95831660463474
2024-04-26,15.234638070252256
2024-04-27,14.849080856622122
2024-04-28,15.073336464212337
2024-04-29,14.966942886630974
2024-04-30,14.716896221535567
2024-05-01,15.528646825092835
2024-05-02,15.672382186428175
2024-05-03,16.10048982440017
2024-05-04,15.764158156968412
2024-05-05,16.258805869088153
2024-05-06,17.11031467661318
2024-05-07,17.336509958821054
2024-05-08,17.07540249770797
2024-05-09,17.632776311892734
2024-05-10,17.368704115743572
2024-05-11,17.332834264865674
2024-05-12,16.652158577227205
2024-05-13,16.181775279690015
2024-05-14,16.158317991866767
2024-05-15,17.250346374093237
2024-05-16,17.39589299422214
2024-05-17,17.076778088980568
2024-05-18,16.92286380874552
2024-05-19,17.09959578568635
2024-05-20,17.047254328402595
2024-05-21,17.273637132737925
2024-05-22,17.40584289731401
2024-05-23,17.373254325950796
2024-05-24,17.79781544716732
2024-05-25,17.614923588795495
2024-05-26,18.067938547958253
2024-05-27,18.141985921683442
2024-05-28,18.470196387405245
2024-05-29,18.31132709844721
2024-05-30,18.320819425120586
2024-05-31,18.331354809838345
2024-06-01,18.153332595570028
2024-06-02,18.126921063614102
2024-06-03,18.018581741429227
2024-06-04,18.853469302564008
2024-06-05,18.186799057146096
2024-06-06,19.287058482198837
2024-06-07,19.415268009794204
2024-06-08,19.31237645082859
2024-06-09,18.49233404149969
2024-06-10,18.876071915944497
2024-06-11,18.573232784180266
2024-06-12,19.181916203498453
2024-06-13,18.915181773187218
2024-06-14,19.02663990057325
2024-06-15,19.386597978869005
2024-06-16,19.178578228001054
2024-06-17,19.25606296165018
2024-06-18,18.87017528649151
2024-06-19,18.705970010634346
2024-06-20,18.224725483841002
2024-06-21,17.920396116436002
2024-06-22,19.17889409208917
2024-06-23,19.901664092143243
2024-06-24,20.00991379322327
2024-06-25,20.099455877446697
2024-06-26,19.477579932763508
2024-06-27,19.719581296060273
2024-06-28,19.933363884116506
2024-06-29,19.849920964280795
2024-06-30,20.027007498257888
2024-07-01,20.247458513590225
2024-07-02,20.556199880074043
2024-07-03,20.491485241381984
2024-07-04,20.983839766107693
2024-07-05,20.68855936840243
2024-07-06,20.97771543322083
2024-07-07,20.06524303255841
2024-07-08,20.520957760417303
2024-07-09,20.751413605612925
2024-07-10,21.31932887245808
2024-07-11,21.44964050297044
2024-07-12,21.4980208479226
2024-07-13,21.37602024880259
2024-07-14,21.8030982484999
2024-07-15,21.776762811840847
2024-07-16,22.182891689100394
2024-07-17,21.96792661266704
2024-07-18,21.999795698493873
2024-07-19,21.883345167684595
2024-07-20,21.909770003606212
2024-07-21,22.144935828510867
2024-07-22,21.385633963900442
2024-07-23,21.808646436015515
2024-07-24,21.67338086416494
2024-07-25,21.48931579786457
2024-07-26,21.387568416997098
2024-07-27,21.11792734325862
2024-07-28,21.149215328742166
2024-07-29,21.651420448324217
2024-07-30,22.717422278222145
2024-07-31,22.240106263230636
2024-08-01,21.78734358049479
2024-08-02,22.460472377835877
2024-08-03,21.645342509771048
2024-08-04,22.30254299601976
2024-08-05,22.22772869090496
2024-08-06,22.349033828356333
2024-08-07,22.120578228426787
2024-08-08,22.694453870969973
2024-08-09,22.9004212221286
2024-08-10,23.377408616783022
2024-08-11,23.453851138165703
2024-08-12,23.223564230603444
2024-08-13,22.525617588452853
2024-08-14,21.815935903889887
2024-08-15,22.042672401607316
2024-08-16,21.490254986674053
2024-08-17,21.85582948093258
2024-08-18,22.016540387501117
2024-08-19,22.98293795764884
2024-08-20,22.053015007196727
2024-08-21,22.890343117207575
2024-08-22,23.41081273161948
2024-08-23,23.293900269873934
2024-08-24,23.11316345216136
2024-08-25,23.491579259758264
2024-08-26,23.319078798894882
2024-08-27,23.201088661347143
2024-08-28,22.299894249135384
2024-08-29,22.541296905642017
2024-08-30,22.94259452633062
2024-08-31,22.593508888532348
2024-09-01,22.13167697287136
2024-09-02,21.402350984492973
2024-09-03,21.07358938993823
2024-09-04,21.325730060316154
2024-09-05,22.187609633414326
2024-09-06,22.253061968628245
2024-09-07,21.468562274663356
2024-09-08,21.796546751974553
2024-09-09,21.09597028397431
2024-09-10,20.82622896607127
2024-09-11,20.7594587004858
2024-09-12,21.649493404776564
2024-09-13,21.933169062851317
2024-09-14,21.947263698806907
2024-09-15,20.576822475460855
2024-09-16,20.616545497782795
2024-09-17,21.049590766679373
2024-09-18,20.81853237635058
2024-09-19,21.25729327441026
2024-09-20,21.040942819114964
2024-09-21,20.87027102887455
2024-09-22,20.185191746946813
2024-09-23,20.569313269195746
2024-09-24,19.629661499716562
2024-09-25,19.775042021598345
2024-09-26,19.534304760254447
2024-09-27,19.29628023963751
2024-09-28,18.893661588952128
2024-09-29,19.216149143378573
2024-09-30,18.859302410385
2024-10-01,19.113565946161238
2024-10-02,18.580545345328918
2024-10-03,18.33636141077458
2024-10-04,17.72816136706721
2024-10-05,18.633200012270592
2024-10-06,18.763421372595985
2024-10-07,18.804043764121616
2024-10-08,19.109106314573236
2024-10-09,19.292118884357862
2024-10-10,19.4734085841463
2024-10-11,18.92684196171269
2024-10-12,18.544540237834262
2024-10-13,18.55778618639822
2024-10-14,17.263188528192945
2024-10-15,16.694422822626294
2024-10-16,17.65533526553889
2024-10-17,18.11827552782262
2024-10-18,17.93117152907079
2024-10-19,17.303989364465846
2024-10-20,16.621821606571448
2024-10-21,16.913975631559218
2024-10-22,17.03897242859584
2024-10-23,16.75632129652048
2024-10-24,17.085561607632627
2024-10-25,16.602391199527915
2024-10-26,16.745305965439123
2024-10-27,15.719159349323595
2024-10-28,15.35814315081528
2024-10-29,16.872330070443695
2024-10-30,17.252151130196914
2024-10-31,17.081643868484086
2024-11-01,16.816290461556004
2024-11-02,16.4029006564488
2024-11-03,15.767973409273969
2024-11-04,16.08121287653225
2024-11-05,15.227475441590542
2024-11-06,14.812536254926611
2024-11-07,14.689108069786522
2024-11-08,14.670143158752348
2024-11-09,15.211186950121554
2024-11-10,15.828770131644232
2024-11-11,15.78674780061111
2024-11-12,15.845061944258275
2024-11-13,14.950951920257332
2024-11-14,14.617399784152125
2024-11-15,14.4529168576325
2024-11-16,15.035278362199437
2024-11-17,15.006987737328702
2024-11-18,14.27037191154232
2024-11-19,13.823600139515658
2024-11-20,14.073070109275562
2024-11-21,15.371057334752013
2024-11-22,13.751356172335814
2024-11-23,12.704263382443086
2024-11-24,13.177233036944253
2024-11-25,13.070911253934403
2024-11-26,12.582069471327864
2024-11-27,12.235685872972752
2024-11-28,13.405820385023434
2024-11-29,13.298456192605318
2024-11-30,13.319787408612813
2024-12-01,12.648616457521035
2024-12-02,12.46368936740741
2024-12-03,12.724101550045313
2024-12-04,12.8909244348485
2024-12-05,12.360929584168025
2024-12-06,12.523081592159603
2024-12-07,13.531345837895614
2024-12-08,13.475354205073062
2024-12-09,12.5246039656578
2024-12-10,12.952058062700388
2024-12-11,13.221296478847083
2024-12-12,13.790690341475745
2024-12-13,12.742010809660675
2024-12-14,12.612352546953149
2024-12-15,12.741330753117138
2024-12-16,13.053921297329744
2024-12-17,11.845663522871186
2024-12-18,12.36396346441651
2024-12-19,12.484895803239674
2024-12-20,13.21524479360677
2024-12-21,13.402772090327467
2024-12-22,12.227362676019439
2024-12-23,11.995577372052374
2024-12-24,12.393577551612468
2024-12-25,12.396848483121556
2024-12-26,13.510247514974516
2024-12-27,12.273400228183954
2024-12-28,12.807077220640526
2024-12-29,12.132069251197784
2024-12-30,11.09190076464754
2024-12-31,10.017792006675972
